difficulty_rank,rank_within_missing_count,state_mask,state,missing_digits,missing_count,contains_digit_9,completion_probability_within_1,completion_probability_within_2,completion_probability_within_3,completion_probability_within_5,completion_probability_within_10,expected_remaining_draws,variance_remaining_draws,standard_deviation_remaining_draws,quantile_50_draws,quantile_90_draws,quantile_95_draws,quantile_99_draws
1,1,1,{0},0,1,no,0.68164329835937199,0.89864901052050017,0.96773423328129238,0.9967298326167443,0.99998930600528546,1.4670429569349126,0.68517208055741952,0.8277512190008659,1,3,3,5
2,2,2,{1},1,1,no,0.68164329835937199,0.89864901052050017,0.96773423328129238,0.9967298326167443,0.99998930600528546,1.4670429569349126,0.68517208055741952,0.8277512190008659,1,3,3,5
3,3,4,{2},2,1,no,0.68164329835937199,0.89864901052050017,0.96773423328129238,0.9967298326167443,0.99998930600528546,1.4670429569349126,0.68517208055741952,0.8277512190008659,1,3,3,5
4,4,8,{3},3,1,no,0.68164329835937199,0.89864901052050017,0.96773423328129238,0.9967298326167443,0.99998930600528546,1.4670429569349126,0.68517208055741952,0.8277512190008659,1,3,3,5
5,5,16,{4},4,1,no,0.68164329835937199,0.89864901052050017,0.96773423328129238,0.9967298326167443,0.99998930600528546,1.4670429569349126,0.68517208055741952,0.8277512190008659,1,3,3,5
6,6,32,{5},5,1,no,0.68164329835937199,0.89864901052050017,0.96773423328129238,0.9967298326167443,0.99998930600528546,1.4670429569349126,0.68517208055741952,0.8277512190008659,1,3,3,5
7,7,64,{6},6,1,no,0.68164329835937199,0.89864901052050017,0.96773423328129238,0.9967298326167443,0.99998930600528546,1.4670429569349126,0.68517208055741952,0.8277512190008659,1,3,3,5
8,8,128,{7},7,1,no,0.68164329835937199,0.89864901052050017,0.96773423328129238,0.9967298326167443,0.99998930600528546,1.4670429569349126,0.68517208055741952,0.8277512190008659,1,3,3,5
9,9,256,{8},8,1,no,0.68164329835937199,0.89864901052050017,0.96773423328129238,0.9967298326167443,0.99998930600528546,1.4670429569349126,0.68517208055741952,0.8277512190008659,1,3,3,5
10,1,3,"{0,1}",0 1,2,no,0.45020080880527974,0.80485210130362361,0.93612502349664917,0.9934646249172655,0.99997861203516947,1.8388985686750792,0.98954299326956185,0.99475775607409156,2,3,4,5
11,2,5,"{0,2}",0 2,2,no,0.45020080880527974,0.80485210130362361,0.93612502349664917,0.9934646249172655,0.99997861203516947,1.8388985686750792,0.98954299326956185,0.99475775607409156,2,3,4,5
12,3,9,"{0,3}",0 3,2,no,0.45020080880527974,0.80485210130362361,0.93612502349664917,0.9934646249172655,0.99997861203516947,1.8388985686750792,0.98954299326956185,0.99475775607409156,2,3,4,5
13,4,17,"{0,4}",0 4,2,no,0.45020080880527974,0.80485210130362361,0.93612502349664917,0.9934646249172655,0.99997861203516947,1.8388985686750792,0.98954299326956185,0.99475775607409156,2,3,4,5
14,5,33,"{0,5}",0 5,2,no,0.45020080880527974,0.80485210130362361,0.93612502349664917,0.9934646249172655,0.99997861203516947,1.8388985686750792,0.98954299326956185,0.99475775607409156,2,3,4,5
15,6,65,"{0,6}",0 6,2,no,0.45020080880527974,0.80485210130362361,0.93612502349664917,0.9934646249172655,0.99997861203516947,1.8388985686750792,0.98954299326956185,0.99475775607409156,2,3,4,5
16,7,129,"{0,7}",0 7,2,no,0.45020080880527974,0.80485210130362361,0.93612502349664917,0.9934646249172655,0.99997861203516947,1.8388985686750792,0.98954299326956185,0.99475775607409156,2,3,4,5
17,8,257,"{0,8}",0 8,2,no,0.45020080880527974,0.80485210130362361,0.93612502349664917,0.9934646249172655,0.99997861203516947,1.8388985686750792,0.98954299326956185,0.99475775607409156,2,3,4,5
18,9,6,"{1,2}",1 2,2,no,0.45020080880527974,0.80485210130362361,0.93612502349664917,0.9934646249172655,0.99997861203516947,1.8388985686750792,0.98954299326956185,0.99475775607409156,2,3,4,5
19,10,10,"{1,3}",1 3,2,no,0.45020080880527974,0.80485210130362361,0.93612502349664917,0.9934646249172655,0.99997861203516947,1.8388985686750792,0.98954299326956185,0.99475775607409156,2,3,4,5
20,11,18,"{1,4}",1 4,2,no,0.45020080880527974,0.80485210130362361,0.93612502349664917,0.9934646249172655,0.99997861203516947,1.8388985686750792,0.98954299326956185,0.99475775607409156,2,3,4,5
21,12,34,"{1,5}",1 5,2,no,0.45020080880527974,0.80485210130362361,0.93612502349664917,0.9934646249172655,0.99997861203516947,1.8388985686750792,0.98954299326956185,0.99475775607409156,2,3,4,5
22,13,66,"{1,6}",1 6,2,no,0.45020080880527974,0.80485210130362361,0.93612502349664917,0.9934646249172655,0.99997861203516947,1.8388985686750792,0.98954299326956185,0.99475775607409156,2,3,4,5
23,14,130,"{1,7}",1 7,2,no,0.45020080880527974,0.80485210130362361,0.93612502349664917,0.9934646249172655,0.99997861203516947,1.8388985686750792,0.98954299326956185,0.99475775607409156,2,3,4,5
24,15,258,"{1,8}",1 8,2,no,0.45020080880527974,0.80485210130362361,0.93612502349664917,0.9934646249172655,0.99997861203516947,1.8388985686750792,0.98954299326956185,0.99475775607409156,2,3,4,5
25,16,12,"{2,3}",2 3,2,no,0.45020080880527974,0.80485210130362361,0.93612502349664917,0.9934646249172655,0.99997861203516947,1.8388985686750792,0.98954299326956185,0.99475775607409156,2,3,4,5
26,17,20,"{2,4}",2 4,2,no,0.45020080880527974,0.80485210130362361,0.93612502349664917,0.9934646249172655,0.99997861203516947,1.8388985686750792,0.98954299326956185,0.99475775607409156,2,3,4,5
27,18,36,"{2,5}",2 5,2,no,0.45020080880527974,0.80485210130362361,0.93612502349664917,0.9934646249172655,0.99997861203516947,1.8388985686750792,0.98954299326956185,0.99475775607409156,2,3,4,5
28,19,68,"{2,6}",2 6,2,no,0.45020080880527974,0.80485210130362361,0.93612502349664917,0.9934646249172655,0.99997861203516947,1.8388985686750792,0.98954299326956185,0.99475775607409156,2,3,4,5
29,20,132,"{2,7}",2 7,2,no,0.45020080880527974,0.80485210130362361,0.93612502349664917,0.9934646249172655,0.99997861203516947,1.8388985686750792,0.98954299326956185,0.99475775607409156,2,3,4,5
30,21,260,"{2,8}",2 8,2,no,0.45020080880527974,0.80485210130362361,0.93612502349664917,0.9934646249172655,0.99997861203516947,1.8388985686750792,0.98954299326956185,0.99475775607409156,2,3,4,5
31,22,24,"{3,4}",3 4,2,no,0.45020080880527974,0.80485210130362361,0.93612502349664917,0.9934646249172655,0.99997861203516947,1.8388985686750792,0.98954299326956185,0.99475775607409156,2,3,4,5
32,23,40,"{3,5}",3 5,2,no,0.45020080880527974,0.80485210130362361,0.93612502349664917,0.9934646249172655,0.99997861203516947,1.8388985686750792,0.98954299326956185,0.99475775607409156,2,3,4,5
33,24,72,"{3,6}",3 6,2,no,0.45020080880527974,0.80485210130362361,0.93612502349664917,0.9934646249172655,0.99997861203516947,1.8388985686750792,0.98954299326956185,0.99475775607409156,2,3,4,5
34,25,136,"{3,7}",3 7,2,no,0.45020080880527974,0.80485210130362361,0.93612502349664917,0.9934646249172655,0.99997861203516947,1.8388985686750792,0.98954299326956185,0.99475775607409156,2,3,4,5
35,26,264,"{3,8}",3 8,2,no,0.45020080880527974,0.80485210130362361,0.93612502349664917,0.9934646249172655,0.99997861203516947,1.8388985686750792,0.98954299326956185,0.99475775607409156,2,3,4,5
36,27,48,"{4,5}",4 5,2,no,0.45020080880527974,0.80485210130362361,0.93612502349664917,0.9934646249172655,0.99997861203516947,1.8388985686750792,0.98954299326956185,0.99475775607409156,2,3,4,5
37,28,80,"{4,6}",4 6,2,no,0.45020080880527974,0.80485210130362361,0.93612502349664917,0.9934646249172655,0.99997861203516947,1.8388985686750792,0.98954299326956185,0.99475775607409156,2,3,4,5
38,29,144,"{4,7}",4 7,2,no,0.45020080880527974,0.80485210130362361,0.93612502349664917,0.9934646249172655,0.99997861203516947,1.8388985686750792,0.98954299326956185,0.99475775607409156,2,3,4,5
39,30,272,"{4,8}",4 8,2,no,0.45020080880527974,0.80485210130362361,0.93612502349664917,0.9934646249172655,0.99997861203516947,1.8388985686750792,0.98954299326956185,0.99475775607409156,2,3,4,5
40,31,96,"{5,6}",5 6,2,no,0.45020080880527974,0.80485210130362361,0.93612502349664917,0.9934646249172655,0.99997861203516947,1.8388985686750792,0.98954299326956185,0.99475775607409156,2,3,4,5
41,32,160,"{5,7}",5 7,2,no,0.45020080880527974,0.80485210130362361,0.93612502349664917,0.9934646249172655,0.99997861203516947,1.8388985686750792,0.98954299326956185,0.99475775607409156,2,3,4,5
42,33,288,"{5,8}",5 8,2,no,0.45020080880527974,0.80485210130362361,0.93612502349664917,0.9934646249172655,0.99997861203516947,1.8388985686750792,0.98954299326956185,0.99475775607409156,2,3,4,5
43,34,192,"{6,7}",6 7,2,no,0.45020080880527974,0.80485210130362361,0.93612502349664917,0.9934646249172655,0.99997861203516947,1.8388985686750792,0.98954299326956185,0.99475775607409156,2,3,4,5
44,35,320,"{6,8}",6 8,2,no,0.45020080880527974,0.80485210130362361,0.93612502349664917,0.9934646249172655,0.99997861203516947,1.8388985686750792,0.98954299326956185,0.99475775607409156,2,3,4,5
45,36,384,"{7,8}",7 8,2,no,0.45020080880527974,0.80485210130362361,0.93612502349664917,0.9934646249172655,0.99997861203516947,1.8388985686750792,0.98954299326956185,0.99475775607409156,2,3,4,5
46,1,7,"{0,1,2}",0 1 2,3,no,0.28631685060147072,0.71823462997260668,0.90516511918783549,0.99020437418486007,0.99996791808965191,2.1353045529189858,1.101578237663996,1.0495609737714127,2,3,4,5
47,2,11,"{0,1,3}",0 1 3,3,no,0.28631685060147072,0.71823462997260668,0.90516511918783549,0.99020437418486007,0.99996791808965191,2.1353045529189858,1.101578237663996,1.0495609737714127,2,3,4,5
48,3,19,"{0,1,4}",0 1 4,3,no,0.28631685060147072,0.71823462997260668,0.90516511918783549,0.99020437418486007,0.99996791808965191,2.1353045529189858,1.101578237663996,1.0495609737714127,2,3,4,5
49,4,35,"{0,1,5}",0 1 5,3,no,0.28631685060147072,0.71823462997260668,0.90516511918783549,0.99020437418486007,0.99996791808965191,2.1353045529189858,1.101578237663996,1.0495609737714127,2,3,4,5
50,5,67,"{0,1,6}",0 1 6,3,no,0.28631685060147072,0.71823462997260668,0.90516511918783549,0.99020437418486007,0.99996791808965191,2.1353045529189858,1.101578237663996,1.0495609737714127,2,3,4,5
51,6,131,"{0,1,7}",0 1 7,3,no,0.28631685060147072,0.71823462997260668,0.90516511918783549,0.99020437418486007,0.99996791808965191,2.1353045529189858,1.101578237663996,1.0495609737714127,2,3,4,5
52,7,259,"{0,1,8}",0 1 8,3,no,0.28631685060147072,0.71823462997260668,0.90516511918783549,0.99020437418486007,0.99996791808965191,2.1353045529189858,1.101578237663996,1.0495609737714127,2,3,4,5
53,8,13,"{0,2,3}",0 2 3,3,no,0.28631685060147072,0.71823462997260668,0.90516511918783549,0.99020437418486007,0.99996791808965191,2.1353045529189858,1.101578237663996,1.0495609737714127,2,3,4,5
54,9,21,"{0,2,4}",0 2 4,3,no,0.28631685060147072,0.71823462997260668,0.90516511918783549,0.99020437418486007,0.99996791808965191,2.1353045529189858,1.101578237663996,1.0495609737714127,2,3,4,5
55,10,37,"{0,2,5}",0 2 5,3,no,0.28631685060147072,0.71823462997260668,0.90516511918783549,0.99020437418486007,0.99996791808965191,2.1353045529189858,1.101578237663996,1.0495609737714127,2,3,4,5
56,11,69,"{0,2,6}",0 2 6,3,no,0.28631685060147072,0.71823462997260668,0.90516511918783549,0.99020437418486007,0.99996791808965191,2.1353045529189858,1.101578237663996,1.0495609737714127,2,3,4,5
57,12,133,"{0,2,7}",0 2 7,3,no,0.28631685060147072,0.71823462997260668,0.90516511918783549,0.99020437418486007,0.99996791808965191,2.1353045529189858,1.101578237663996,1.0495609737714127,2,3,4,5
58,13,261,"{0,2,8}",0 2 8,3,no,0.28631685060147072,0.71823462997260668,0.90516511918783549,0.99020437418486007,0.99996791808965191,2.1353045529189858,1.101578237663996,1.0495609737714127,2,3,4,5
59,14,25,"{0,3,4}",0 3 4,3,no,0.28631685060147072,0.71823462997260668,0.90516511918783549,0.99020437418486007,0.99996791808965191,2.1353045529189858,1.101578237663996,1.0495609737714127,2,3,4,5
60,15,41,"{0,3,5}",0 3 5,3,no,0.28631685060147072,0.71823462997260668,0.90516511918783549,0.99020437418486007,0.99996791808965191,2.1353045529189858,1.101578237663996,1.0495609737714127,2,3,4,5
61,16,73,"{0,3,6}",0 3 6,3,no,0.28631685060147072,0.71823462997260668,0.90516511918783549,0.99020437418486007,0.99996791808965191,2.1353045529189858,1.101578237663996,1.0495609737714127,2,3,4,5
62,17,137,"{0,3,7}",0 3 7,3,no,0.28631685060147072,0.71823462997260668,0.90516511918783549,0.99020437418486007,0.99996791808965191,2.1353045529189858,1.101578237663996,1.0495609737714127,2,3,4,5
63,18,265,"{0,3,8}",0 3 8,3,no,0.28631685060147072,0.71823462997260668,0.90516511918783549,0.99020437418486007,0.99996791808965191,2.1353045529189858,1.101578237663996,1.0495609737714127,2,3,4,5
64,19,49,"{0,4,5}",0 4 5,3,no,0.28631685060147072,0.71823462997260668,0.90516511918783549,0.99020437418486007,0.99996791808965191,2.1353045529189858,1.101578237663996,1.0495609737714127,2,3,4,5
65,20,81,"{0,4,6}",0 4 6,3,no,0.28631685060147072,0.71823462997260668,0.90516511918783549,0.99020437418486007,0.99996791808965191,2.1353045529189858,1.101578237663996,1.0495609737714127,2,3,4,5
66,21,145,"{0,4,7}",0 4 7,3,no,0.28631685060147072,0.71823462997260668,0.90516511918783549,0.99020437418486007,0.99996791808965191,2.1353045529189858,1.101578237663996,1.0495609737714127,2,3,4,5
67,22,273,"{0,4,8}",0 4 8,3,no,0.28631685060147072,0.71823462997260668,0.90516511918783549,0.99020437418486007,0.99996791808965191,2.1353045529189858,1.101578237663996,1.0495609737714127,2,3,4,5
68,23,97,"{0,5,6}",0 5 6,3,no,0.28631685060147072,0.71823462997260668,0.90516511918783549,0.99020437418486007,0.99996791808965191,2.1353045529189858,1.101578237663996,1.0495609737714127,2,3,4,5
69,24,161,"{0,5,7}",0 5 7,3,no,0.28631685060147072,0.71823462997260668,0.90516511918783549,0.99020437418486007,0.99996791808965191,2.1353045529189858,1.101578237663996,1.0495609737714127,2,3,4,5
70,25,289,"{0,5,8}",0 5 8,3,no,0.28631685060147072,0.71823462997260668,0.90516511918783549,0.99020437418486007,0.99996791808965191,2.1353045529189858,1.101578237663996,1.0495609737714127,2,3,4,5
71,26,193,"{0,6,7}",0 6 7,3,no,0.28631685060147072,0.71823462997260668,0.90516511918783549,0.99020437418486007,0.99996791808965191,2.1353045529189858,1.101578237663996,1.0495609737714127,2,3,4,5
72,27,321,"{0,6,8}",0 6 8,3,no,0.28631685060147072,0.71823462997260668,0.90516511918783549,0.99020437418486007,0.99996791808965191,2.1353045529189858,1.101578237663996,1.0495609737714127,2,3,4,5
73,28,385,"{0,7,8}",0 7 8,3,no,0.28631685060147072,0.71823462997260668,0.90516511918783549,0.99020437418486007,0.99996791808965191,2.1353045529189858,1.101578237663996,1.0495609737714127,2,3,4,5
74,29,14,"{1,2,3}",1 2 3,3,no,0.28631685060147072,0.71823462997260668,0.90516511918783549,0.99020437418486007,0.99996791808965191,2.1353045529189858,1.101578237663996,1.0495609737714127,2,3,4,5
75,30,22,"{1,2,4}",1 2 4,3,no,0.28631685060147072,0.71823462997260668,0.90516511918783549,0.99020437418486007,0.99996791808965191,2.1353045529189858,1.101578237663996,1.0495609737714127,2,3,4,5
76,31,38,"{1,2,5}",1 2 5,3,no,0.28631685060147072,0.71823462997260668,0.90516511918783549,0.99020437418486007,0.99996791808965191,2.1353045529189858,1.101578237663996,1.0495609737714127,2,3,4,5
77,32,70,"{1,2,6}",1 2 6,3,no,0.28631685060147072,0.71823462997260668,0.90516511918783549,0.99020437418486007,0.99996791808965191,2.1353045529189858,1.101578237663996,1.0495609737714127,2,3,4,5
78,33,134,"{1,2,7}",1 2 7,3,no,0.28631685060147072,0.71823462997260668,0.90516511918783549,0.99020437418486007,0.99996791808965191,2.1353045529189858,1.101578237663996,1.0495609737714127,2,3,4,5
79,34,262,"{1,2,8}",1 2 8,3,no,0.28631685060147072,0.71823462997260668,0.90516511918783549,0.99020437418486007,0.99996791808965191,2.1353045529189858,1.101578237663996,1.0495609737714127,2,3,4,5
80,35,26,"{1,3,4}",1 3 4,3,no,0.28631685060147072,0.71823462997260668,0.90516511918783549,0.99020437418486007,0.99996791808965191,2.1353045529189858,1.101578237663996,1.0495609737714127,2,3,4,5
81,36,42,"{1,3,5}",1 3 5,3,no,0.28631685060147072,0.71823462997260668,0.90516511918783549,0.99020437418486007,0.99996791808965191,2.1353045529189858,1.101578237663996,1.0495609737714127,2,3,4,5
82,37,74,"{1,3,6}",1 3 6,3,no,0.28631685060147072,0.71823462997260668,0.90516511918783549,0.99020437418486007,0.99996791808965191,2.1353045529189858,1.101578237663996,1.0495609737714127,2,3,4,5
83,38,138,"{1,3,7}",1 3 7,3,no,0.28631685060147072,0.71823462997260668,0.90516511918783549,0.99020437418486007,0.99996791808965191,2.1353045529189858,1.101578237663996,1.0495609737714127,2,3,4,5
84,39,266,"{1,3,8}",1 3 8,3,no,0.28631685060147072,0.71823462997260668,0.90516511918783549,0.99020437418486007,0.99996791808965191,2.1353045529189858,1.101578237663996,1.0495609737714127,2,3,4,5
85,40,50,"{1,4,5}",1 4 5,3,no,0.28631685060147072,0.71823462997260668,0.90516511918783549,0.99020437418486007,0.99996791808965191,2.1353045529189858,1.101578237663996,1.0495609737714127,2,3,4,5
86,41,82,"{1,4,6}",1 4 6,3,no,0.28631685060147072,0.71823462997260668,0.90516511918783549,0.99020437418486007,0.99996791808965191,2.1353045529189858,1.101578237663996,1.0495609737714127,2,3,4,5
87,42,146,"{1,4,7}",1 4 7,3,no,0.28631685060147072,0.71823462997260668,0.90516511918783549,0.99020437418486007,0.99996791808965191,2.1353045529189858,1.101578237663996,1.0495609737714127,2,3,4,5
88,43,274,"{1,4,8}",1 4 8,3,no,0.28631685060147072,0.71823462997260668,0.90516511918783549,0.99020437418486007,0.99996791808965191,2.1353045529189858,1.101578237663996,1.0495609737714127,2,3,4,5
89,44,98,"{1,5,6}",1 5 6,3,no,0.28631685060147072,0.71823462997260668,0.90516511918783549,0.99020437418486007,0.99996791808965191,2.1353045529189858,1.101578237663996,1.0495609737714127,2,3,4,5
90,45,162,"{1,5,7}",1 5 7,3,no,0.28631685060147072,0.71823462997260668,0.90516511918783549,0.99020437418486007,0.99996791808965191,2.1353045529189858,1.101578237663996,1.0495609737714127,2,3,4,5
91,46,290,"{1,5,8}",1 5 8,3,no,0.28631685060147072,0.71823462997260668,0.90516511918783549,0.99020437418486007,0.99996791808965191,2.1353045529189858,1.101578237663996,1.0495609737714127,2,3,4,5
92,47,194,"{1,6,7}",1 6 7,3,no,0.28631685060147072,0.71823462997260668,0.90516511918783549,0.99020437418486007,0.99996791808965191,2.1353045529189858,1.101578237663996,1.0495609737714127,2,3,4,5
93,48,322,"{1,6,8}",1 6 8,3,no,0.28631685060147072,0.71823462997260668,0.90516511918783549,0.99020437418486007,0.99996791808965191,2.1353045529189858,1.101578237663996,1.0495609737714127,2,3,4,5
94,49,386,"{1,7,8}",1 7 8,3,no,0.28631685060147072,0.71823462997260668,0.90516511918783549,0.99020437418486007,0.99996791808965191,2.1353045529189858,1.101578237663996,1.0495609737714127,2,3,4,5
95,50,28,"{2,3,4}",2 3 4,3,no,0.28631685060147072,0.71823462997260668,0.90516511918783549,0.99020437418486007,0.99996791808965191,2.1353045529189858,1.101578237663996,1.0495609737714127,2,3,4,5
96,51,44,"{2,3,5}",2 3 5,3,no,0.28631685060147072,0.71823462997260668,0.90516511918783549,0.99020437418486007,0.99996791808965191,2.1353045529189858,1.101578237663996,1.0495609737714127,2,3,4,5
97,52,76,"{2,3,6}",2 3 6,3,no,0.28631685060147072,0.71823462997260668,0.90516511918783549,0.99020437418486007,0.99996791808965191,2.1353045529189858,1.101578237663996,1.0495609737714127,2,3,4,5
98,53,140,"{2,3,7}",2 3 7,3,no,0.28631685060147072,0.71823462997260668,0.90516511918783549,0.99020437418486007,0.99996791808965191,2.1353045529189858,1.101578237663996,1.0495609737714127,2,3,4,5
99,54,268,"{2,3,8}",2 3 8,3,no,0.28631685060147072,0.71823462997260668,0.90516511918783549,0.99020437418486007,0.99996791808965191,2.1353045529189858,1.101578237663996,1.0495609737714127,2,3,4,5
100,55,52,"{2,4,5}",2 4 5,3,no,0.28631685060147072,0.71823462997260668,0.90516511918783549,0.99020437418486007,0.99996791808965191,2.1353045529189858,1.101578237663996,1.0495609737714127,2,3,4,5
101,56,84,"{2,4,6}",2 4 6,3,no,0.28631685060147072,0.71823462997260668,0.90516511918783549,0.99020437418486007,0.99996791808965191,2.1353045529189858,1.101578237663996,1.0495609737714127,2,3,4,5
102,57,148,"{2,4,7}",2 4 7,3,no,0.28631685060147072,0.71823462997260668,0.90516511918783549,0.99020437418486007,0.99996791808965191,2.1353045529189858,1.101578237663996,1.0495609737714127,2,3,4,5
103,58,276,"{2,4,8}",2 4 8,3,no,0.28631685060147072,0.71823462997260668,0.90516511918783549,0.99020437418486007,0.99996791808965191,2.1353045529189858,1.101578237663996,1.0495609737714127,2,3,4,5
104,59,100,"{2,5,6}",2 5 6,3,no,0.28631685060147072,0.71823462997260668,0.90516511918783549,0.99020437418486007,0.99996791808965191,2.1353045529189858,1.101578237663996,1.0495609737714127,2,3,4,5
105,60,164,"{2,5,7}",2 5 7,3,no,0.28631685060147072,0.71823462997260668,0.90516511918783549,0.99020437418486007,0.99996791808965191,2.1353045529189858,1.101578237663996,1.0495609737714127,2,3,4,5
106,61,292,"{2,5,8}",2 5 8,3,no,0.28631685060147072,0.71823462997260668,0.90516511918783549,0.99020437418486007,0.99996791808965191,2.1353045529189858,1.101578237663996,1.0495609737714127,2,3,4,5
107,62,196,"{2,6,7}",2 6 7,3,no,0.28631685060147072,0.71823462997260668,0.90516511918783549,0.99020437418486007,0.99996791808965191,2.1353045529189858,1.101578237663996,1.0495609737714127,2,3,4,5
108,63,324,"{2,6,8}",2 6 8,3,no,0.28631685060147072,0.71823462997260668,0.90516511918783549,0.99020437418486007,0.99996791808965191,2.1353045529189858,1.101578237663996,1.0495609737714127,2,3,4,5
109,64,388,"{2,7,8}",2 7 8,3,no,0.28631685060147072,0.71823462997260668,0.90516511918783549,0.99020437418486007,0.99996791808965191,2.1353045529189858,1.101578237663996,1.0495609737714127,2,3,4,5
110,65,56,"{3,4,5}",3 4 5,3,no,0.28631685060147072,0.71823462997260668,0.90516511918783549,0.99020437418486007,0.99996791808965191,2.1353045529189858,1.101578237663996,1.0495609737714127,2,3,4,5
111,66,88,"{3,4,6}",3 4 6,3,no,0.28631685060147072,0.71823462997260668,0.90516511918783549,0.99020437418486007,0.99996791808965191,2.1353045529189858,1.101578237663996,1.0495609737714127,2,3,4,5
112,67,152,"{3,4,7}",3 4 7,3,no,0.28631685060147072,0.71823462997260668,0.90516511918783549,0.99020437418486007,0.99996791808965191,2.1353045529189858,1.101578237663996,1.0495609737714127,2,3,4,5
113,68,280,"{3,4,8}",3 4 8,3,no,0.28631685060147072,0.71823462997260668,0.90516511918783549,0.99020437418486007,0.99996791808965191,2.1353045529189858,1.101578237663996,1.0495609737714127,2,3,4,5
114,69,104,"{3,5,6}",3 5 6,3,no,0.28631685060147072,0.71823462997260668,0.90516511918783549,0.99020437418486007,0.99996791808965191,2.1353045529189858,1.101578237663996,1.0495609737714127,2,3,4,5
115,70,168,"{3,5,7}",3 5 7,3,no,0.28631685060147072,0.71823462997260668,0.90516511918783549,0.99020437418486007,0.99996791808965191,2.1353045529189858,1.101578237663996,1.0495609737714127,2,3,4,5
116,71,296,"{3,5,8}",3 5 8,3,no,0.28631685060147072,0.71823462997260668,0.90516511918783549,0.99020437418486007,0.99996791808965191,2.1353045529189858,1.101578237663996,1.0495609737714127,2,3,4,5
117,72,200,"{3,6,7}",3 6 7,3,no,0.28631685060147072,0.71823462997260668,0.90516511918783549,0.99020437418486007,0.99996791808965191,2.1353045529189858,1.101578237663996,1.0495609737714127,2,3,4,5
118,73,328,"{3,6,8}",3 6 8,3,no,0.28631685060147072,0.71823462997260668,0.90516511918783549,0.99020437418486007,0.99996791808965191,2.1353045529189858,1.101578237663996,1.0495609737714127,2,3,4,5
119,74,392,"{3,7,8}",3 7 8,3,no,0.28631685060147072,0.71823462997260668,0.90516511918783549,0.99020437418486007,0.99996791808965191,2.1353045529189858,1.101578237663996,1.0495609737714127,2,3,4,5
120,75,112,"{4,5,6}",4 5 6,3,no,0.28631685060147072,0.71823462997260668,0.90516511918783549,0.99020437418486007,0.99996791808965191,2.1353045529189858,1.101578237663996,1.0495609737714127,2,3,4,5
121,76,176,"{4,5,7}",4 5 7,3,no,0.28631685060147072,0.71823462997260668,0.90516511918783549,0.99020437418486007,0.99996791808965191,2.1353045529189858,1.101578237663996,1.0495609737714127,2,3,4,5
122,77,304,"{4,5,8}",4 5 8,3,no,0.28631685060147072,0.71823462997260668,0.90516511918783549,0.99020437418486007,0.99996791808965191,2.1353045529189858,1.101578237663996,1.0495609737714127,2,3,4,5
123,78,208,"{4,6,7}",4 6 7,3,no,0.28631685060147072,0.71823462997260668,0.90516511918783549,0.99020437418486007,0.99996791808965191,2.1353045529189858,1.101578237663996,1.0495609737714127,2,3,4,5
124,79,336,"{4,6,8}",4 6 8,3,no,0.28631685060147072,0.71823462997260668,0.90516511918783549,0.99020437418486007,0.99996791808965191,2.1353045529189858,1.101578237663996,1.0495609737714127,2,3,4,5
125,80,400,"{4,7,8}",4 7 8,3,no,0.28631685060147072,0.71823462997260668,0.90516511918783549,0.99020437418486007,0.99996791808965191,2.1353045529189858,1.101578237663996,1.0495609737714127,2,3,4,5
126,81,224,"{5,6,7}",5 6 7,3,no,0.28631685060147072,0.71823462997260668,0.90516511918783549,0.99020437418486007,0.99996791808965191,2.1353045529189858,1.101578237663996,1.0495609737714127,2,3,4,5
127,82,352,"{5,6,8}",5 6 8,3,no,0.28631685060147072,0.71823462997260668,0.90516511918783549,0.99020437418486007,0.99996791808965191,2.1353045529189858,1.101578237663996,1.0495609737714127,2,3,4,5
128,83,416,"{5,7,8}",5 7 8,3,no,0.28631685060147072,0.71823462997260668,0.90516511918783549,0.99020437418486007,0.99996791808965191,2.1353045529189858,1.101578237663996,1.0495609737714127,2,3,4,5
129,84,448,"{6,7,8}",6 7 8,3,no,0.28631685060147072,0.71823462997260668,0.90516511918783549,0.99020437418486007,0.99996791808965191,2.1353045529189858,1.101578237663996,1.0495609737714127,2,3,4,5
130,10,512,{9},9,1,yes,0.45300531512834297,0.7007968147221566,0.83633744795635001,0.95103164311783916,0.99760210002426131,2.2074796180187986,2.6654866459496223,1.6326318157960853,2,4,5,8
131,1,15,"{0,1,2,3}",0 1 2 3,4,no,0.1738782543545434,0.63843246803049403,0.87484730298799074,0.98694907770318274,0.99995722416873267,2.3727455679401848,1.12771604960645,1.0619397579931029,2,4,4,6
132,2,23,"{0,1,2,4}",0 1 2 4,4,no,0.1738782543545434,0.63843246803049403,0.87484730298799074,0.98694907770318274,0.99995722416873267,2.3727455679401848,1.12771604960645,1.0619397579931029,2,4,4,6
133,3,39,"{0,1,2,5}",0 1 2 5,4,no,0.1738782543545434,0.63843246803049403,0.87484730298799074,0.98694907770318274,0.99995722416873267,2.3727455679401848,1.12771604960645,1.0619397579931029,2,4,4,6
134,4,71,"{0,1,2,6}",0 1 2 6,4,no,0.1738782543545434,0.63843246803049403,0.87484730298799074,0.98694907770318274,0.99995722416873267,2.3727455679401848,1.12771604960645,1.0619397579931029,2,4,4,6
135,5,135,"{0,1,2,7}",0 1 2 7,4,no,0.1738782543545434,0.63843246803049403,0.87484730298799074,0.98694907770318274,0.99995722416873267,2.3727455679401848,1.12771604960645,1.0619397579931029,2,4,4,6
136,6,263,"{0,1,2,8}",0 1 2 8,4,no,0.1738782543545434,0.63843246803049403,0.87484730298799074,0.98694907770318274,0.99995722416873267,2.3727455679401848,1.12771604960645,1.0619397579931029,2,4,4,6
137,7,27,"{0,1,3,4}",0 1 3 4,4,no,0.1738782543545434,0.63843246803049403,0.87484730298799074,0.98694907770318274,0.99995722416873267,2.3727455679401848,1.12771604960645,1.0619397579931029,2,4,4,6
138,8,43,"{0,1,3,5}",0 1 3 5,4,no,0.1738782543545434,0.63843246803049403,0.87484730298799074,0.98694907770318274,0.99995722416873267,2.3727455679401848,1.12771604960645,1.0619397579931029,2,4,4,6
139,9,75,"{0,1,3,6}",0 1 3 6,4,no,0.1738782543545434,0.63843246803049403,0.87484730298799074,0.98694907770318274,0.99995722416873267,2.3727455679401848,1.12771604960645,1.0619397579931029,2,4,4,6
140,10,139,"{0,1,3,7}",0 1 3 7,4,no,0.1738782543545434,0.63843246803049403,0.87484730298799074,0.98694907770318274,0.99995722416873267,2.3727455679401848,1.12771604960645,1.0619397579931029,2,4,4,6
141,11,267,"{0,1,3,8}",0 1 3 8,4,no,0.1738782543545434,0.63843246803049403,0.87484730298799074,0.98694907770318274,0.99995722416873267,2.3727455679401848,1.12771604960645,1.0619397579931029,2,4,4,6
142,12,51,"{0,1,4,5}",0 1 4 5,4,no,0.1738782543545434,0.63843246803049403,0.87484730298799074,0.98694907770318274,0.99995722416873267,2.3727455679401848,1.12771604960645,1.0619397579931029,2,4,4,6
143,13,83,"{0,1,4,6}",0 1 4 6,4,no,0.1738782543545434,0.63843246803049403,0.87484730298799074,0.98694907770318274,0.99995722416873267,2.3727455679401848,1.12771604960645,1.0619397579931029,2,4,4,6
144,14,147,"{0,1,4,7}",0 1 4 7,4,no,0.1738782543545434,0.63843246803049403,0.87484730298799074,0.98694907770318274,0.99995722416873267,2.3727455679401848,1.12771604960645,1.0619397579931029,2,4,4,6
145,15,275,"{0,1,4,8}",0 1 4 8,4,no,0.1738782543545434,0.63843246803049403,0.87484730298799074,0.98694907770318274,0.99995722416873267,2.3727455679401848,1.12771604960645,1.0619397579931029,2,4,4,6
146,16,99,"{0,1,5,6}",0 1 5 6,4,no,0.1738782543545434,0.63843246803049403,0.87484730298799074,0.98694907770318274,0.99995722416873267,2.3727455679401848,1.12771604960645,1.0619397579931029,2,4,4,6
147,17,163,"{0,1,5,7}",0 1 5 7,4,no,0.1738782543545434,0.63843246803049403,0.87484730298799074,0.98694907770318274,0.99995722416873267,2.3727455679401848,1.12771604960645,1.0619397579931029,2,4,4,6
148,18,291,"{0,1,5,8}",0 1 5 8,4,no,0.1738782543545434,0.63843246803049403,0.87484730298799074,0.98694907770318274,0.99995722416873267,2.3727455679401848,1.12771604960645,1.0619397579931029,2,4,4,6
149,19,195,"{0,1,6,7}",0 1 6 7,4,no,0.1738782543545434,0.63843246803049403,0.87484730298799074,0.98694907770318274,0.99995722416873267,2.3727455679401848,1.12771604960645,1.0619397579931029,2,4,4,6
150,20,323,"{0,1,6,8}",0 1 6 8,4,no,0.1738782543545434,0.63843246803049403,0.87484730298799074,0.98694907770318274,0.99995722416873267,2.3727455679401848,1.12771604960645,1.0619397579931029,2,4,4,6
151,21,387,"{0,1,7,8}",0 1 7 8,4,no,0.1738782543545434,0.63843246803049403,0.87484730298799074,0.98694907770318274,0.99995722416873267,2.3727455679401848,1.12771604960645,1.0619397579931029,2,4,4,6
152,22,29,"{0,2,3,4}",0 2 3 4,4,no,0.1738782543545434,0.63843246803049403,0.87484730298799074,0.98694907770318274,0.99995722416873267,2.3727455679401848,1.12771604960645,1.0619397579931029,2,4,4,6
153,23,45,"{0,2,3,5}",0 2 3 5,4,no,0.1738782543545434,0.63843246803049403,0.87484730298799074,0.98694907770318274,0.99995722416873267,2.3727455679401848,1.12771604960645,1.0619397579931029,2,4,4,6
154,24,77,"{0,2,3,6}",0 2 3 6,4,no,0.1738782543545434,0.63843246803049403,0.87484730298799074,0.98694907770318274,0.99995722416873267,2.3727455679401848,1.12771604960645,1.0619397579931029,2,4,4,6
155,25,141,"{0,2,3,7}",0 2 3 7,4,no,0.1738782543545434,0.63843246803049403,0.87484730298799074,0.98694907770318274,0.99995722416873267,2.3727455679401848,1.12771604960645,1.0619397579931029,2,4,4,6
156,26,269,"{0,2,3,8}",0 2 3 8,4,no,0.1738782543545434,0.63843246803049403,0.87484730298799074,0.98694907770318274,0.99995722416873267,2.3727455679401848,1.12771604960645,1.0619397579931029,2,4,4,6
157,27,53,"{0,2,4,5}",0 2 4 5,4,no,0.1738782543545434,0.63843246803049403,0.87484730298799074,0.98694907770318274,0.99995722416873267,2.3727455679401848,1.12771604960645,1.0619397579931029,2,4,4,6
158,28,85,"{0,2,4,6}",0 2 4 6,4,no,0.1738782543545434,0.63843246803049403,0.87484730298799074,0.98694907770318274,0.99995722416873267,2.3727455679401848,1.12771604960645,1.0619397579931029,2,4,4,6
159,29,149,"{0,2,4,7}",0 2 4 7,4,no,0.1738782543545434,0.63843246803049403,0.87484730298799074,0.98694907770318274,0.99995722416873267,2.3727455679401848,1.12771604960645,1.0619397579931029,2,4,4,6
160,30,277,"{0,2,4,8}",0 2 4 8,4,no,0.1738782543545434,0.63843246803049403,0.87484730298799074,0.98694907770318274,0.99995722416873267,2.3727455679401848,1.12771604960645,1.0619397579931029,2,4,4,6
161,31,101,"{0,2,5,6}",0 2 5 6,4,no,0.1738782543545434,0.63843246803049403,0.87484730298799074,0.98694907770318274,0.99995722416873267,2.3727455679401848,1.12771604960645,1.0619397579931029,2,4,4,6
162,32,165,"{0,2,5,7}",0 2 5 7,4,no,0.1738782543545434,0.63843246803049403,0.87484730298799074,0.98694907770318274,0.99995722416873267,2.3727455679401848,1.12771604960645,1.0619397579931029,2,4,4,6
163,33,293,"{0,2,5,8}",0 2 5 8,4,no,0.1738782543545434,0.63843246803049403,0.87484730298799074,0.98694907770318274,0.99995722416873267,2.3727455679401848,1.12771604960645,1.0619397579931029,2,4,4,6
164,34,197,"{0,2,6,7}",0 2 6 7,4,no,0.1738782543545434,0.63843246803049403,0.87484730298799074,0.98694907770318274,0.99995722416873267,2.3727455679401848,1.12771604960645,1.0619397579931029,2,4,4,6
165,35,325,"{0,2,6,8}",0 2 6 8,4,no,0.1738782543545434,0.63843246803049403,0.87484730298799074,0.98694907770318274,0.99995722416873267,2.3727455679401848,1.12771604960645,1.0619397579931029,2,4,4,6
166,36,389,"{0,2,7,8}",0 2 7 8,4,no,0.1738782543545434,0.63843246803049403,0.87484730298799074,0.98694907770318274,0.99995722416873267,2.3727455679401848,1.12771604960645,1.0619397579931029,2,4,4,6
167,37,57,"{0,3,4,5}",0 3 4 5,4,no,0.1738782543545434,0.63843246803049403,0.87484730298799074,0.98694907770318274,0.99995722416873267,2.3727455679401848,1.12771604960645,1.0619397579931029,2,4,4,6
168,38,89,"{0,3,4,6}",0 3 4 6,4,no,0.1738782543545434,0.63843246803049403,0.87484730298799074,0.98694907770318274,0.99995722416873267,2.3727455679401848,1.12771604960645,1.0619397579931029,2,4,4,6
169,39,153,"{0,3,4,7}",0 3 4 7,4,no,0.1738782543545434,0.63843246803049403,0.87484730298799074,0.98694907770318274,0.99995722416873267,2.3727455679401848,1.12771604960645,1.0619397579931029,2,4,4,6
170,40,281,"{0,3,4,8}",0 3 4 8,4,no,0.1738782543545434,0.63843246803049403,0.87484730298799074,0.98694907770318274,0.99995722416873267,2.3727455679401848,1.12771604960645,1.0619397579931029,2,4,4,6
171,41,105,"{0,3,5,6}",0 3 5 6,4,no,0.1738782543545434,0.63843246803049403,0.87484730298799074,0.98694907770318274,0.99995722416873267,2.3727455679401848,1.12771604960645,1.0619397579931029,2,4,4,6
172,42,169,"{0,3,5,7}",0 3 5 7,4,no,0.1738782543545434,0.63843246803049403,0.87484730298799074,0.98694907770318274,0.99995722416873267,2.3727455679401848,1.12771604960645,1.0619397579931029,2,4,4,6
173,43,297,"{0,3,5,8}",0 3 5 8,4,no,0.1738782543545434,0.63843246803049403,0.87484730298799074,0.98694907770318274,0.99995722416873267,2.3727455679401848,1.12771604960645,1.0619397579931029,2,4,4,6
174,44,201,"{0,3,6,7}",0 3 6 7,4,no,0.1738782543545434,0.63843246803049403,0.87484730298799074,0.98694907770318274,0.99995722416873267,2.3727455679401848,1.12771604960645,1.0619397579931029,2,4,4,6
175,45,329,"{0,3,6,8}",0 3 6 8,4,no,0.1738782543545434,0.63843246803049403,0.87484730298799074,0.98694907770318274,0.99995722416873267,2.3727455679401848,1.12771604960645,1.0619397579931029,2,4,4,6
176,46,393,"{0,3,7,8}",0 3 7 8,4,no,0.1738782543545434,0.63843246803049403,0.87484730298799074,0.98694907770318274,0.99995722416873267,2.3727455679401848,1.12771604960645,1.0619397579931029,2,4,4,6
177,47,113,"{0,4,5,6}",0 4 5 6,4,no,0.1738782543545434,0.63843246803049403,0.87484730298799074,0.98694907770318274,0.99995722416873267,2.3727455679401848,1.12771604960645,1.0619397579931029,2,4,4,6
178,48,177,"{0,4,5,7}",0 4 5 7,4,no,0.1738782543545434,0.63843246803049403,0.87484730298799074,0.98694907770318274,0.99995722416873267,2.3727455679401848,1.12771604960645,1.0619397579931029,2,4,4,6
179,49,305,"{0,4,5,8}",0 4 5 8,4,no,0.1738782543545434,0.63843246803049403,0.87484730298799074,0.98694907770318274,0.99995722416873267,2.3727455679401848,1.12771604960645,1.0619397579931029,2,4,4,6
180,50,209,"{0,4,6,7}",0 4 6 7,4,no,0.1738782543545434,0.63843246803049403,0.87484730298799074,0.98694907770318274,0.99995722416873267,2.3727455679401848,1.12771604960645,1.0619397579931029,2,4,4,6
181,51,337,"{0,4,6,8}",0 4 6 8,4,no,0.1738782543545434,0.63843246803049403,0.87484730298799074,0.98694907770318274,0.99995722416873267,2.3727455679401848,1.12771604960645,1.0619397579931029,2,4,4,6
182,52,401,"{0,4,7,8}",0 4 7 8,4,no,0.1738782543545434,0.63843246803049403,0.87484730298799074,0.98694907770318274,0.99995722416873267,2.3727455679401848,1.12771604960645,1.0619397579931029,2,4,4,6
183,53,225,"{0,5,6,7}",0 5 6 7,4,no,0.1738782543545434,0.63843246803049403,0.87484730298799074,0.98694907770318274,0.99995722416873267,2.3727455679401848,1.12771604960645,1.0619397579931029,2,4,4,6
184,54,353,"{0,5,6,8}",0 5 6 8,4,no,0.1738782543545434,0.63843246803049403,0.87484730298799074,0.98694907770318274,0.99995722416873267,2.3727455679401848,1.12771604960645,1.0619397579931029,2,4,4,6
185,55,417,"{0,5,7,8}",0 5 7 8,4,no,0.1738782543545434,0.63843246803049403,0.87484730298799074,0.98694907770318274,0.99995722416873267,2.3727455679401848,1.12771604960645,1.0619397579931029,2,4,4,6
186,56,449,"{0,6,7,8}",0 6 7 8,4,no,0.1738782543545434,0.63843246803049403,0.87484730298799074,0.98694907770318274,0.99995722416873267,2.3727455679401848,1.12771604960645,1.0619397579931029,2,4,4,6
187,57,30,"{1,2,3,4}",1 2 3 4,4,no,0.1738782543545434,0.63843246803049403,0.87484730298799074,0.98694907770318274,0.99995722416873267,2.3727455679401848,1.12771604960645,1.0619397579931029,2,4,4,6
188,58,46,"{1,2,3,5}",1 2 3 5,4,no,0.1738782543545434,0.63843246803049403,0.87484730298799074,0.98694907770318274,0.99995722416873267,2.3727455679401848,1.12771604960645,1.0619397579931029,2,4,4,6
189,59,78,"{1,2,3,6}",1 2 3 6,4,no,0.1738782543545434,0.63843246803049403,0.87484730298799074,0.98694907770318274,0.99995722416873267,2.3727455679401848,1.12771604960645,1.0619397579931029,2,4,4,6
190,60,142,"{1,2,3,7}",1 2 3 7,4,no,0.1738782543545434,0.63843246803049403,0.87484730298799074,0.98694907770318274,0.99995722416873267,2.3727455679401848,1.12771604960645,1.0619397579931029,2,4,4,6
191,61,270,"{1,2,3,8}",1 2 3 8,4,no,0.1738782543545434,0.63843246803049403,0.87484730298799074,0.98694907770318274,0.99995722416873267,2.3727455679401848,1.12771604960645,1.0619397579931029,2,4,4,6
192,62,54,"{1,2,4,5}",1 2 4 5,4,no,0.1738782543545434,0.63843246803049403,0.87484730298799074,0.98694907770318274,0.99995722416873267,2.3727455679401848,1.12771604960645,1.0619397579931029,2,4,4,6
193,63,86,"{1,2,4,6}",1 2 4 6,4,no,0.1738782543545434,0.63843246803049403,0.87484730298799074,0.98694907770318274,0.99995722416873267,2.3727455679401848,1.12771604960645,1.0619397579931029,2,4,4,6
194,64,150,"{1,2,4,7}",1 2 4 7,4,no,0.1738782543545434,0.63843246803049403,0.87484730298799074,0.98694907770318274,0.99995722416873267,2.3727455679401848,1.12771604960645,1.0619397579931029,2,4,4,6
195,65,278,"{1,2,4,8}",1 2 4 8,4,no,0.1738782543545434,0.63843246803049403,0.87484730298799074,0.98694907770318274,0.99995722416873267,2.3727455679401848,1.12771604960645,1.0619397579931029,2,4,4,6
196,66,102,"{1,2,5,6}",1 2 5 6,4,no,0.1738782543545434,0.63843246803049403,0.87484730298799074,0.98694907770318274,0.99995722416873267,2.3727455679401848,1.12771604960645,1.0619397579931029,2,4,4,6
197,67,166,"{1,2,5,7}",1 2 5 7,4,no,0.1738782543545434,0.63843246803049403,0.87484730298799074,0.98694907770318274,0.99995722416873267,2.3727455679401848,1.12771604960645,1.0619397579931029,2,4,4,6
198,68,294,"{1,2,5,8}",1 2 5 8,4,no,0.1738782543545434,0.63843246803049403,0.87484730298799074,0.98694907770318274,0.99995722416873267,2.3727455679401848,1.12771604960645,1.0619397579931029,2,4,4,6
199,69,198,"{1,2,6,7}",1 2 6 7,4,no,0.1738782543545434,0.63843246803049403,0.87484730298799074,0.98694907770318274,0.99995722416873267,2.3727455679401848,1.12771604960645,1.0619397579931029,2,4,4,6
200,70,326,"{1,2,6,8}",1 2 6 8,4,no,0.1738782543545434,0.63843246803049403,0.87484730298799074,0.98694907770318274,0.99995722416873267,2.3727455679401848,1.12771604960645,1.0619397579931029,2,4,4,6
201,71,390,"{1,2,7,8}",1 2 7 8,4,no,0.1738782543545434,0.63843246803049403,0.87484730298799074,0.98694907770318274,0.99995722416873267,2.3727455679401848,1.12771604960645,1.0619397579931029,2,4,4,6
202,72,58,"{1,3,4,5}",1 3 4 5,4,no,0.1738782543545434,0.63843246803049403,0.87484730298799074,0.98694907770318274,0.99995722416873267,2.3727455679401848,1.12771604960645,1.0619397579931029,2,4,4,6
203,73,90,"{1,3,4,6}",1 3 4 6,4,no,0.1738782543545434,0.63843246803049403,0.87484730298799074,0.98694907770318274,0.99995722416873267,2.3727455679401848,1.12771604960645,1.0619397579931029,2,4,4,6
204,74,154,"{1,3,4,7}",1 3 4 7,4,no,0.1738782543545434,0.63843246803049403,0.87484730298799074,0.98694907770318274,0.99995722416873267,2.3727455679401848,1.12771604960645,1.0619397579931029,2,4,4,6
205,75,282,"{1,3,4,8}",1 3 4 8,4,no,0.1738782543545434,0.63843246803049403,0.87484730298799074,0.98694907770318274,0.99995722416873267,2.3727455679401848,1.12771604960645,1.0619397579931029,2,4,4,6
206,76,106,"{1,3,5,6}",1 3 5 6,4,no,0.1738782543545434,0.63843246803049403,0.87484730298799074,0.98694907770318274,0.99995722416873267,2.3727455679401848,1.12771604960645,1.0619397579931029,2,4,4,6
207,77,170,"{1,3,5,7}",1 3 5 7,4,no,0.1738782543545434,0.63843246803049403,0.87484730298799074,0.98694907770318274,0.99995722416873267,2.3727455679401848,1.12771604960645,1.0619397579931029,2,4,4,6
208,78,298,"{1,3,5,8}",1 3 5 8,4,no,0.1738782543545434,0.63843246803049403,0.87484730298799074,0.98694907770318274,0.99995722416873267,2.3727455679401848,1.12771604960645,1.0619397579931029,2,4,4,6
209,79,202,"{1,3,6,7}",1 3 6 7,4,no,0.1738782543545434,0.63843246803049403,0.87484730298799074,0.98694907770318274,0.99995722416873267,2.3727455679401848,1.12771604960645,1.0619397579931029,2,4,4,6
210,80,330,"{1,3,6,8}",1 3 6 8,4,no,0.1738782543545434,0.63843246803049403,0.87484730298799074,0.98694907770318274,0.99995722416873267,2.3727455679401848,1.12771604960645,1.0619397579931029,2,4,4,6
211,81,394,"{1,3,7,8}",1 3 7 8,4,no,0.1738782543545434,0.63843246803049403,0.87484730298799074,0.98694907770318274,0.99995722416873267,2.3727455679401848,1.12771604960645,1.0619397579931029,2,4,4,6
212,82,114,"{1,4,5,6}",1 4 5 6,4,no,0.1738782543545434,0.63843246803049403,0.87484730298799074,0.98694907770318274,0.99995722416873267,2.3727455679401848,1.12771604960645,1.0619397579931029,2,4,4,6
213,83,178,"{1,4,5,7}",1 4 5 7,4,no,0.1738782543545434,0.63843246803049403,0.87484730298799074,0.98694907770318274,0.99995722416873267,2.3727455679401848,1.12771604960645,1.0619397579931029,2,4,4,6
214,84,306,"{1,4,5,8}",1 4 5 8,4,no,0.1738782543545434,0.63843246803049403,0.87484730298799074,0.98694907770318274,0.99995722416873267,2.3727455679401848,1.12771604960645,1.0619397579931029,2,4,4,6
215,85,210,"{1,4,6,7}",1 4 6 7,4,no,0.1738782543545434,0.63843246803049403,0.87484730298799074,0.98694907770318274,0.99995722416873267,2.3727455679401848,1.12771604960645,1.0619397579931029,2,4,4,6
216,86,338,"{1,4,6,8}",1 4 6 8,4,no,0.1738782543545434,0.63843246803049403,0.87484730298799074,0.98694907770318274,0.99995722416873267,2.3727455679401848,1.12771604960645,1.0619397579931029,2,4,4,6
217,87,402,"{1,4,7,8}",1 4 7 8,4,no,0.1738782543545434,0.63843246803049403,0.87484730298799074,0.98694907770318274,0.99995722416873267,2.3727455679401848,1.12771604960645,1.0619397579931029,2,4,4,6
218,88,226,"{1,5,6,7}",1 5 6 7,4,no,0.1738782543545434,0.63843246803049403,0.87484730298799074,0.98694907770318274,0.99995722416873267,2.3727455679401848,1.12771604960645,1.0619397579931029,2,4,4,6
219,89,354,"{1,5,6,8}",1 5 6 8,4,no,0.1738782543545434,0.63843246803049403,0.87484730298799074,0.98694907770318274,0.99995722416873267,2.3727455679401848,1.12771604960645,1.0619397579931029,2,4,4,6
220,90,418,"{1,5,7,8}",1 5 7 8,4,no,0.1738782543545434,0.63843246803049403,0.87484730298799074,0.98694907770318274,0.99995722416873267,2.3727455679401848,1.12771604960645,1.0619397579931029,2,4,4,6
221,91,450,"{1,6,7,8}",1 6 7 8,4,no,0.1738782543545434,0.63843246803049403,0.87484730298799074,0.98694907770318274,0.99995722416873267,2.3727455679401848,1.12771604960645,1.0619397579931029,2,4,4,6
222,92,60,"{2,3,4,5}",2 3 4 5,4,no,0.1738782543545434,0.63843246803049403,0.87484730298799074,0.98694907770318274,0.99995722416873267,2.3727455679401848,1.12771604960645,1.0619397579931029,2,4,4,6
223,93,92,"{2,3,4,6}",2 3 4 6,4,no,0.1738782543545434,0.63843246803049403,0.87484730298799074,0.98694907770318274,0.99995722416873267,2.3727455679401848,1.12771604960645,1.0619397579931029,2,4,4,6
224,94,156,"{2,3,4,7}",2 3 4 7,4,no,0.1738782543545434,0.63843246803049403,0.87484730298799074,0.98694907770318274,0.99995722416873267,2.3727455679401848,1.12771604960645,1.0619397579931029,2,4,4,6
225,95,284,"{2,3,4,8}",2 3 4 8,4,no,0.1738782543545434,0.63843246803049403,0.87484730298799074,0.98694907770318274,0.99995722416873267,2.3727455679401848,1.12771604960645,1.0619397579931029,2,4,4,6
226,96,108,"{2,3,5,6}",2 3 5 6,4,no,0.1738782543545434,0.63843246803049403,0.87484730298799074,0.98694907770318274,0.99995722416873267,2.3727455679401848,1.12771604960645,1.0619397579931029,2,4,4,6
227,97,172,"{2,3,5,7}",2 3 5 7,4,no,0.1738782543545434,0.63843246803049403,0.87484730298799074,0.98694907770318274,0.99995722416873267,2.3727455679401848,1.12771604960645,1.0619397579931029,2,4,4,6
228,98,300,"{2,3,5,8}",2 3 5 8,4,no,0.1738782543545434,0.63843246803049403,0.87484730298799074,0.98694907770318274,0.99995722416873267,2.3727455679401848,1.12771604960645,1.0619397579931029,2,4,4,6
229,99,204,"{2,3,6,7}",2 3 6 7,4,no,0.1738782543545434,0.63843246803049403,0.87484730298799074,0.98694907770318274,0.99995722416873267,2.3727455679401848,1.12771604960645,1.0619397579931029,2,4,4,6
230,100,332,"{2,3,6,8}",2 3 6 8,4,no,0.1738782543545434,0.63843246803049403,0.87484730298799074,0.98694907770318274,0.99995722416873267,2.3727455679401848,1.12771604960645,1.0619397579931029,2,4,4,6
231,101,396,"{2,3,7,8}",2 3 7 8,4,no,0.1738782543545434,0.63843246803049403,0.87484730298799074,0.98694907770318274,0.99995722416873267,2.3727455679401848,1.12771604960645,1.0619397579931029,2,4,4,6
232,102,116,"{2,4,5,6}",2 4 5 6,4,no,0.1738782543545434,0.63843246803049403,0.87484730298799074,0.98694907770318274,0.99995722416873267,2.3727455679401848,1.12771604960645,1.0619397579931029,2,4,4,6
233,103,180,"{2,4,5,7}",2 4 5 7,4,no,0.1738782543545434,0.63843246803049403,0.87484730298799074,0.98694907770318274,0.99995722416873267,2.3727455679401848,1.12771604960645,1.0619397579931029,2,4,4,6
234,104,308,"{2,4,5,8}",2 4 5 8,4,no,0.1738782543545434,0.63843246803049403,0.87484730298799074,0.98694907770318274,0.99995722416873267,2.3727455679401848,1.12771604960645,1.0619397579931029,2,4,4,6
235,105,212,"{2,4,6,7}",2 4 6 7,4,no,0.1738782543545434,0.63843246803049403,0.87484730298799074,0.98694907770318274,0.99995722416873267,2.3727455679401848,1.12771604960645,1.0619397579931029,2,4,4,6
236,106,340,"{2,4,6,8}",2 4 6 8,4,no,0.1738782543545434,0.63843246803049403,0.87484730298799074,0.98694907770318274,0.99995722416873267,2.3727455679401848,1.12771604960645,1.0619397579931029,2,4,4,6
237,107,404,"{2,4,7,8}",2 4 7 8,4,no,0.1738782543545434,0.63843246803049403,0.87484730298799074,0.98694907770318274,0.99995722416873267,2.3727455679401848,1.12771604960645,1.0619397579931029,2,4,4,6
238,108,228,"{2,5,6,7}",2 5 6 7,4,no,0.1738782543545434,0.63843246803049403,0.87484730298799074,0.98694907770318274,0.99995722416873267,2.3727455679401848,1.12771604960645,1.0619397579931029,2,4,4,6
239,109,356,"{2,5,6,8}",2 5 6 8,4,no,0.1738782543545434,0.63843246803049403,0.87484730298799074,0.98694907770318274,0.99995722416873267,2.3727455679401848,1.12771604960645,1.0619397579931029,2,4,4,6
240,110,420,"{2,5,7,8}",2 5 7 8,4,no,0.1738782543545434,0.63843246803049403,0.87484730298799074,0.98694907770318274,0.99995722416873267,2.3727455679401848,1.12771604960645,1.0619397579931029,2,4,4,6
241,111,452,"{2,6,7,8}",2 6 7 8,4,no,0.1738782543545434,0.63843246803049403,0.87484730298799074,0.98694907770318274,0.99995722416873267,2.3727455679401848,1.12771604960645,1.0619397579931029,2,4,4,6
242,112,120,"{3,4,5,6}",3 4 5 6,4,no,0.1738782543545434,0.63843246803049403,0.87484730298799074,0.98694907770318274,0.99995722416873267,2.3727455679401848,1.12771604960645,1.0619397579931029,2,4,4,6
243,113,184,"{3,4,5,7}",3 4 5 7,4,no,0.1738782543545434,0.63843246803049403,0.87484730298799074,0.98694907770318274,0.99995722416873267,2.3727455679401848,1.12771604960645,1.0619397579931029,2,4,4,6
244,114,312,"{3,4,5,8}",3 4 5 8,4,no,0.1738782543545434,0.63843246803049403,0.87484730298799074,0.98694907770318274,0.99995722416873267,2.3727455679401848,1.12771604960645,1.0619397579931029,2,4,4,6
245,115,216,"{3,4,6,7}",3 4 6 7,4,no,0.1738782543545434,0.63843246803049403,0.87484730298799074,0.98694907770318274,0.99995722416873267,2.3727455679401848,1.12771604960645,1.0619397579931029,2,4,4,6
246,116,344,"{3,4,6,8}",3 4 6 8,4,no,0.1738782543545434,0.63843246803049403,0.87484730298799074,0.98694907770318274,0.99995722416873267,2.3727455679401848,1.12771604960645,1.0619397579931029,2,4,4,6
247,117,408,"{3,4,7,8}",3 4 7 8,4,no,0.1738782543545434,0.63843246803049403,0.87484730298799074,0.98694907770318274,0.99995722416873267,2.3727455679401848,1.12771604960645,1.0619397579931029,2,4,4,6
248,118,232,"{3,5,6,7}",3 5 6 7,4,no,0.1738782543545434,0.63843246803049403,0.87484730298799074,0.98694907770318274,0.99995722416873267,2.3727455679401848,1.12771604960645,1.0619397579931029,2,4,4,6
249,119,360,"{3,5,6,8}",3 5 6 8,4,no,0.1738782543545434,0.63843246803049403,0.87484730298799074,0.98694907770318274,0.99995722416873267,2.3727455679401848,1.12771604960645,1.0619397579931029,2,4,4,6
250,120,424,"{3,5,7,8}",3 5 7 8,4,no,0.1738782543545434,0.63843246803049403,0.87484730298799074,0.98694907770318274,0.99995722416873267,2.3727455679401848,1.12771604960645,1.0619397579931029,2,4,4,6
251,121,456,"{3,6,7,8}",3 6 7 8,4,no,0.1738782543545434,0.63843246803049403,0.87484730298799074,0.98694907770318274,0.99995722416873267,2.3727455679401848,1.12771604960645,1.0619397579931029,2,4,4,6
252,122,240,"{4,5,6,7}",4 5 6 7,4,no,0.1738782543545434,0.63843246803049403,0.87484730298799074,0.98694907770318274,0.99995722416873267,2.3727455679401848,1.12771604960645,1.0619397579931029,2,4,4,6
253,123,368,"{4,5,6,8}",4 5 6 8,4,no,0.1738782543545434,0.63843246803049403,0.87484730298799074,0.98694907770318274,0.99995722416873267,2.3727455679401848,1.12771604960645,1.0619397579931029,2,4,4,6
254,124,432,"{4,5,7,8}",4 5 7 8,4,no,0.1738782543545434,0.63843246803049403,0.87484730298799074,0.98694907770318274,0.99995722416873267,2.3727455679401848,1.12771604960645,1.0619397579931029,2,4,4,6
255,125,464,"{4,6,7,8}",4 6 7 8,4,no,0.1738782543545434,0.63843246803049403,0.87484730298799074,0.98694907770318274,0.99995722416873267,2.3727455679401848,1.12771604960645,1.0619397579931029,2,4,4,6
256,126,480,"{5,6,7,8}",5 6 7 8,4,no,0.1738782543545434,0.63843246803049403,0.87484730298799074,0.98694907770318274,0.99995722416873267,2.3727455679401848,1.12771604960645,1.0619397579931029,2,4,4,6
257,37,513,"{0,9}",0 9,2,yes,0.30813300462706228,0.62954265921164687,0.80929301215397476,0.9479186212642694,0.99759143072426437,2.4646240693725585,2.5836579426033861,1.607376104899966,2,4,6,8
258,38,514,"{1,9}",1 9,2,yes,0.29457953656930075,0.62502372540038487,0.80816237842035654,0.94786610717869846,0.99759141697728593,2.4841442745545903,2.5612445554423653,1.6003888763179921,2,4,6,8
259,39,516,"{2,9}",2 9,2,yes,0.29457953656930075,0.62502372540038487,0.80816237842035654,0.94786610717869846,0.99759141697728593,2.4841442745545903,2.5612445554423653,1.6003888763179921,2,4,6,8
260,40,520,"{3,9}",3 9,2,yes,0.29457953656930075,0.62502372540038487,0.80816237842035654,0.94786610717869846,0.99759141697728593,2.4841442745545903,2.5612445554423653,1.6003888763179921,2,4,6,8
261,41,528,"{4,9}",4 9,2,yes,0.29457953656930075,0.62502372540038487,0.80816237842035654,0.94786610717869846,0.99759141697728593,2.4841442745545903,2.5612445554423653,1.6003888763179921,2,4,6,8
262,42,544,"{5,9}",5 9,2,yes,0.29457953656930075,0.62502372540038487,0.80816237842035654,0.94786610717869846,0.99759141697728593,2.4841442745545903,2.5612445554423653,1.6003888763179921,2,4,6,8
263,43,576,"{6,9}",6 9,2,yes,0.29457953656930075,0.62502372540038487,0.80816237842035654,0.94786610717869846,0.99759141697728593,2.4841442745545903,2.5612445554423653,1.6003888763179921,2,4,6,8
264,44,640,"{7,9}",7 9,2,yes,0.29457953656930075,0.62502372540038487,0.80816237842035654,0.94786610717869846,0.99759141697728593,2.4841442745545903,2.5612445554423653,1.6003888763179921,2,4,6,8
265,45,768,"{8,9}",8 9,2,yes,0.29457953656930075,0.62502372540038487,0.80816237842035654,0.94786610717869846,0.99759141697728593,2.4841442745545903,2.5612445554423653,1.6003888763179921,2,4,6,8
266,1,31,"{0,1,2,3,4}",0 1 2 3 4,5,no,0.099661591633334809,0.56509187641319769,0.84516439157772816,0.9836987327562472,0.99994653027241209,2.5648061074587623,1.1239525511513735,1.0601662846701803,2,4,5,6
267,2,47,"{0,1,2,3,5}",0 1 2 3 5,5,no,0.099661591633334809,0.56509187641319769,0.84516439157772816,0.9836987327562472,0.99994653027241209,2.5648061074587623,1.1239525511513735,1.0601662846701803,2,4,5,6
268,3,79,"{0,1,2,3,6}",0 1 2 3 6,5,no,0.099661591633334809,0.56509187641319769,0.84516439157772816,0.9836987327562472,0.99994653027241209,2.5648061074587623,1.1239525511513735,1.0601662846701803,2,4,5,6
269,4,143,"{0,1,2,3,7}",0 1 2 3 7,5,no,0.099661591633334809,0.56509187641319769,0.84516439157772816,0.9836987327562472,0.99994653027241209,2.5648061074587623,1.1239525511513735,1.0601662846701803,2,4,5,6
270,5,271,"{0,1,2,3,8}",0 1 2 3 8,5,no,0.099661591633334809,0.56509187641319769,0.84516439157772816,0.9836987327562472,0.99994653027241209,2.5648061074587623,1.1239525511513735,1.0601662846701803,2,4,5,6
271,6,55,"{0,1,2,4,5}",0 1 2 4 5,5,no,0.099661591633334809,0.56509187641319769,0.84516439157772816,0.9836987327562472,0.99994653027241209,2.5648061074587623,1.1239525511513735,1.0601662846701803,2,4,5,6
272,7,87,"{0,1,2,4,6}",0 1 2 4 6,5,no,0.099661591633334809,0.56509187641319769,0.84516439157772816,0.9836987327562472,0.99994653027241209,2.5648061074587623,1.1239525511513735,1.0601662846701803,2,4,5,6
273,8,151,"{0,1,2,4,7}",0 1 2 4 7,5,no,0.099661591633334809,0.56509187641319769,0.84516439157772816,0.9836987327562472,0.99994653027241209,2.5648061074587623,1.1239525511513735,1.0601662846701803,2,4,5,6
274,9,279,"{0,1,2,4,8}",0 1 2 4 8,5,no,0.099661591633334809,0.56509187641319769,0.84516439157772816,0.9836987327562472,0.99994653027241209,2.5648061074587623,1.1239525511513735,1.0601662846701803,2,4,5,6
275,10,103,"{0,1,2,5,6}",0 1 2 5 6,5,no,0.099661591633334809,0.56509187641319769,0.84516439157772816,0.9836987327562472,0.99994653027241209,2.5648061074587623,1.1239525511513735,1.0601662846701803,2,4,5,6
276,11,167,"{0,1,2,5,7}",0 1 2 5 7,5,no,0.099661591633334809,0.56509187641319769,0.84516439157772816,0.9836987327562472,0.99994653027241209,2.5648061074587623,1.1239525511513735,1.0601662846701803,2,4,5,6
277,12,295,"{0,1,2,5,8}",0 1 2 5 8,5,no,0.099661591633334809,0.56509187641319769,0.84516439157772816,0.9836987327562472,0.99994653027241209,2.5648061074587623,1.1239525511513735,1.0601662846701803,2,4,5,6
278,13,199,"{0,1,2,6,7}",0 1 2 6 7,5,no,0.099661591633334809,0.56509187641319769,0.84516439157772816,0.9836987327562472,0.99994653027241209,2.5648061074587623,1.1239525511513735,1.0601662846701803,2,4,5,6
279,14,327,"{0,1,2,6,8}",0 1 2 6 8,5,no,0.099661591633334809,0.56509187641319769,0.84516439157772816,0.9836987327562472,0.99994653027241209,2.5648061074587623,1.1239525511513735,1.0601662846701803,2,4,5,6
280,15,391,"{0,1,2,7,8}",0 1 2 7 8,5,no,0.099661591633334809,0.56509187641319769,0.84516439157772816,0.9836987327562472,0.99994653027241209,2.5648061074587623,1.1239525511513735,1.0601662846701803,2,4,5,6
281,16,59,"{0,1,3,4,5}",0 1 3 4 5,5,no,0.099661591633334809,0.56509187641319769,0.84516439157772816,0.9836987327562472,0.99994653027241209,2.5648061074587623,1.1239525511513735,1.0601662846701803,2,4,5,6
282,17,91,"{0,1,3,4,6}",0 1 3 4 6,5,no,0.099661591633334809,0.56509187641319769,0.84516439157772816,0.9836987327562472,0.99994653027241209,2.5648061074587623,1.1239525511513735,1.0601662846701803,2,4,5,6
283,18,155,"{0,1,3,4,7}",0 1 3 4 7,5,no,0.099661591633334809,0.56509187641319769,0.84516439157772816,0.9836987327562472,0.99994653027241209,2.5648061074587623,1.1239525511513735,1.0601662846701803,2,4,5,6
284,19,283,"{0,1,3,4,8}",0 1 3 4 8,5,no,0.099661591633334809,0.56509187641319769,0.84516439157772816,0.9836987327562472,0.99994653027241209,2.5648061074587623,1.1239525511513735,1.0601662846701803,2,4,5,6
285,20,107,"{0,1,3,5,6}",0 1 3 5 6,5,no,0.099661591633334809,0.56509187641319769,0.84516439157772816,0.9836987327562472,0.99994653027241209,2.5648061074587623,1.1239525511513735,1.0601662846701803,2,4,5,6
286,21,171,"{0,1,3,5,7}",0 1 3 5 7,5,no,0.099661591633334809,0.56509187641319769,0.84516439157772816,0.9836987327562472,0.99994653027241209,2.5648061074587623,1.1239525511513735,1.0601662846701803,2,4,5,6
287,22,299,"{0,1,3,5,8}",0 1 3 5 8,5,no,0.099661591633334809,0.56509187641319769,0.84516439157772816,0.9836987327562472,0.99994653027241209,2.5648061074587623,1.1239525511513735,1.0601662846701803,2,4,5,6
288,23,203,"{0,1,3,6,7}",0 1 3 6 7,5,no,0.099661591633334809,0.56509187641319769,0.84516439157772816,0.9836987327562472,0.99994653027241209,2.5648061074587623,1.1239525511513735,1.0601662846701803,2,4,5,6
289,24,331,"{0,1,3,6,8}",0 1 3 6 8,5,no,0.099661591633334809,0.56509187641319769,0.84516439157772816,0.9836987327562472,0.99994653027241209,2.5648061074587623,1.1239525511513735,1.0601662846701803,2,4,5,6
290,25,395,"{0,1,3,7,8}",0 1 3 7 8,5,no,0.099661591633334809,0.56509187641319769,0.84516439157772816,0.9836987327562472,0.99994653027241209,2.5648061074587623,1.1239525511513735,1.0601662846701803,2,4,5,6
291,26,115,"{0,1,4,5,6}",0 1 4 5 6,5,no,0.099661591633334809,0.56509187641319769,0.84516439157772816,0.9836987327562472,0.99994653027241209,2.5648061074587623,1.1239525511513735,1.0601662846701803,2,4,5,6
292,27,179,"{0,1,4,5,7}",0 1 4 5 7,5,no,0.099661591633334809,0.56509187641319769,0.84516439157772816,0.9836987327562472,0.99994653027241209,2.5648061074587623,1.1239525511513735,1.0601662846701803,2,4,5,6
293,28,307,"{0,1,4,5,8}",0 1 4 5 8,5,no,0.099661591633334809,0.56509187641319769,0.84516439157772816,0.9836987327562472,0.99994653027241209,2.5648061074587623,1.1239525511513735,1.0601662846701803,2,4,5,6
294,29,211,"{0,1,4,6,7}",0 1 4 6 7,5,no,0.099661591633334809,0.56509187641319769,0.84516439157772816,0.9836987327562472,0.99994653027241209,2.5648061074587623,1.1239525511513735,1.0601662846701803,2,4,5,6
295,30,339,"{0,1,4,6,8}",0 1 4 6 8,5,no,0.099661591633334809,0.56509187641319769,0.84516439157772816,0.9836987327562472,0.99994653027241209,2.5648061074587623,1.1239525511513735,1.0601662846701803,2,4,5,6
296,31,403,"{0,1,4,7,8}",0 1 4 7 8,5,no,0.099661591633334809,0.56509187641319769,0.84516439157772816,0.9836987327562472,0.99994653027241209,2.5648061074587623,1.1239525511513735,1.0601662846701803,2,4,5,6
297,32,227,"{0,1,5,6,7}",0 1 5 6 7,5,no,0.099661591633334809,0.56509187641319769,0.84516439157772816,0.9836987327562472,0.99994653027241209,2.5648061074587623,1.1239525511513735,1.0601662846701803,2,4,5,6
298,33,355,"{0,1,5,6,8}",0 1 5 6 8,5,no,0.099661591633334809,0.56509187641319769,0.84516439157772816,0.9836987327562472,0.99994653027241209,2.5648061074587623,1.1239525511513735,1.0601662846701803,2,4,5,6
299,34,419,"{0,1,5,7,8}",0 1 5 7 8,5,no,0.099661591633334809,0.56509187641319769,0.84516439157772816,0.9836987327562472,0.99994653027241209,2.5648061074587623,1.1239525511513735,1.0601662846701803,2,4,5,6
300,35,451,"{0,1,6,7,8}",0 1 6 7 8,5,no,0.099661591633334809,0.56509187641319769,0.84516439157772816,0.9836987327562472,0.99994653027241209,2.5648061074587623,1.1239525511513735,1.0601662846701803,2,4,5,6
301,36,61,"{0,2,3,4,5}",0 2 3 4 5,5,no,0.099661591633334809,0.56509187641319769,0.84516439157772816,0.9836987327562472,0.99994653027241209,2.5648061074587623,1.1239525511513735,1.0601662846701803,2,4,5,6
302,37,93,"{0,2,3,4,6}",0 2 3 4 6,5,no,0.099661591633334809,0.56509187641319769,0.84516439157772816,0.9836987327562472,0.99994653027241209,2.5648061074587623,1.1239525511513735,1.0601662846701803,2,4,5,6
303,38,157,"{0,2,3,4,7}",0 2 3 4 7,5,no,0.099661591633334809,0.56509187641319769,0.84516439157772816,0.9836987327562472,0.99994653027241209,2.5648061074587623,1.1239525511513735,1.0601662846701803,2,4,5,6
304,39,285,"{0,2,3,4,8}",0 2 3 4 8,5,no,0.099661591633334809,0.56509187641319769,0.84516439157772816,0.9836987327562472,0.99994653027241209,2.5648061074587623,1.1239525511513735,1.0601662846701803,2,4,5,6
305,40,109,"{0,2,3,5,6}",0 2 3 5 6,5,no,0.099661591633334809,0.56509187641319769,0.84516439157772816,0.9836987327562472,0.99994653027241209,2.5648061074587623,1.1239525511513735,1.0601662846701803,2,4,5,6
306,41,173,"{0,2,3,5,7}",0 2 3 5 7,5,no,0.099661591633334809,0.56509187641319769,0.84516439157772816,0.9836987327562472,0.99994653027241209,2.5648061074587623,1.1239525511513735,1.0601662846701803,2,4,5,6
307,42,301,"{0,2,3,5,8}",0 2 3 5 8,5,no,0.099661591633334809,0.56509187641319769,0.84516439157772816,0.9836987327562472,0.99994653027241209,2.5648061074587623,1.1239525511513735,1.0601662846701803,2,4,5,6
308,43,205,"{0,2,3,6,7}",0 2 3 6 7,5,no,0.099661591633334809,0.56509187641319769,0.84516439157772816,0.9836987327562472,0.99994653027241209,2.5648061074587623,1.1239525511513735,1.0601662846701803,2,4,5,6
309,44,333,"{0,2,3,6,8}",0 2 3 6 8,5,no,0.099661591633334809,0.56509187641319769,0.84516439157772816,0.9836987327562472,0.99994653027241209,2.5648061074587623,1.1239525511513735,1.0601662846701803,2,4,5,6
310,45,397,"{0,2,3,7,8}",0 2 3 7 8,5,no,0.099661591633334809,0.56509187641319769,0.84516439157772816,0.9836987327562472,0.99994653027241209,2.5648061074587623,1.1239525511513735,1.0601662846701803,2,4,5,6
311,46,117,"{0,2,4,5,6}",0 2 4 5 6,5,no,0.099661591633334809,0.56509187641319769,0.84516439157772816,0.9836987327562472,0.99994653027241209,2.5648061074587623,1.1239525511513735,1.0601662846701803,2,4,5,6
312,47,181,"{0,2,4,5,7}",0 2 4 5 7,5,no,0.099661591633334809,0.56509187641319769,0.84516439157772816,0.9836987327562472,0.99994653027241209,2.5648061074587623,1.1239525511513735,1.0601662846701803,2,4,5,6
313,48,309,"{0,2,4,5,8}",0 2 4 5 8,5,no,0.099661591633334809,0.56509187641319769,0.84516439157772816,0.9836987327562472,0.99994653027241209,2.5648061074587623,1.1239525511513735,1.0601662846701803,2,4,5,6
314,49,213,"{0,2,4,6,7}",0 2 4 6 7,5,no,0.099661591633334809,0.56509187641319769,0.84516439157772816,0.9836987327562472,0.99994653027241209,2.5648061074587623,1.1239525511513735,1.0601662846701803,2,4,5,6
315,50,341,"{0,2,4,6,8}",0 2 4 6 8,5,no,0.099661591633334809,0.56509187641319769,0.84516439157772816,0.9836987327562472,0.99994653027241209,2.5648061074587623,1.1239525511513735,1.0601662846701803,2,4,5,6
316,51,405,"{0,2,4,7,8}",0 2 4 7 8,5,no,0.099661591633334809,0.56509187641319769,0.84516439157772816,0.9836987327562472,0.99994653027241209,2.5648061074587623,1.1239525511513735,1.0601662846701803,2,4,5,6
317,52,229,"{0,2,5,6,7}",0 2 5 6 7,5,no,0.099661591633334809,0.56509187641319769,0.84516439157772816,0.9836987327562472,0.99994653027241209,2.5648061074587623,1.1239525511513735,1.0601662846701803,2,4,5,6
318,53,357,"{0,2,5,6,8}",0 2 5 6 8,5,no,0.099661591633334809,0.56509187641319769,0.84516439157772816,0.9836987327562472,0.99994653027241209,2.5648061074587623,1.1239525511513735,1.0601662846701803,2,4,5,6
319,54,421,"{0,2,5,7,8}",0 2 5 7 8,5,no,0.099661591633334809,0.56509187641319769,0.84516439157772816,0.9836987327562472,0.99994653027241209,2.5648061074587623,1.1239525511513735,1.0601662846701803,2,4,5,6
320,55,453,"{0,2,6,7,8}",0 2 6 7 8,5,no,0.099661591633334809,0.56509187641319769,0.84516439157772816,0.9836987327562472,0.99994653027241209,2.5648061074587623,1.1239525511513735,1.0601662846701803,2,4,5,6
321,56,121,"{0,3,4,5,6}",0 3 4 5 6,5,no,0.099661591633334809,0.56509187641319769,0.84516439157772816,0.9836987327562472,0.99994653027241209,2.5648061074587623,1.1239525511513735,1.0601662846701803,2,4,5,6
322,57,185,"{0,3,4,5,7}",0 3 4 5 7,5,no,0.099661591633334809,0.56509187641319769,0.84516439157772816,0.9836987327562472,0.99994653027241209,2.5648061074587623,1.1239525511513735,1.0601662846701803,2,4,5,6
323,58,313,"{0,3,4,5,8}",0 3 4 5 8,5,no,0.099661591633334809,0.56509187641319769,0.84516439157772816,0.9836987327562472,0.99994653027241209,2.5648061074587623,1.1239525511513735,1.0601662846701803,2,4,5,6
324,59,217,"{0,3,4,6,7}",0 3 4 6 7,5,no,0.099661591633334809,0.56509187641319769,0.84516439157772816,0.9836987327562472,0.99994653027241209,2.5648061074587623,1.1239525511513735,1.0601662846701803,2,4,5,6
325,60,345,"{0,3,4,6,8}",0 3 4 6 8,5,no,0.099661591633334809,0.56509187641319769,0.84516439157772816,0.9836987327562472,0.99994653027241209,2.5648061074587623,1.1239525511513735,1.0601662846701803,2,4,5,6
326,61,409,"{0,3,4,7,8}",0 3 4 7 8,5,no,0.099661591633334809,0.56509187641319769,0.84516439157772816,0.9836987327562472,0.99994653027241209,2.5648061074587623,1.1239525511513735,1.0601662846701803,2,4,5,6
327,62,233,"{0,3,5,6,7}",0 3 5 6 7,5,no,0.099661591633334809,0.56509187641319769,0.84516439157772816,0.9836987327562472,0.99994653027241209,2.5648061074587623,1.1239525511513735,1.0601662846701803,2,4,5,6
328,63,361,"{0,3,5,6,8}",0 3 5 6 8,5,no,0.099661591633334809,0.56509187641319769,0.84516439157772816,0.9836987327562472,0.99994653027241209,2.5648061074587623,1.1239525511513735,1.0601662846701803,2,4,5,6
329,64,425,"{0,3,5,7,8}",0 3 5 7 8,5,no,0.099661591633334809,0.56509187641319769,0.84516439157772816,0.9836987327562472,0.99994653027241209,2.5648061074587623,1.1239525511513735,1.0601662846701803,2,4,5,6
330,65,457,"{0,3,6,7,8}",0 3 6 7 8,5,no,0.099661591633334809,0.56509187641319769,0.84516439157772816,0.9836987327562472,0.99994653027241209,2.5648061074587623,1.1239525511513735,1.0601662846701803,2,4,5,6
331,66,241,"{0,4,5,6,7}",0 4 5 6 7,5,no,0.099661591633334809,0.56509187641319769,0.84516439157772816,0.9836987327562472,0.99994653027241209,2.5648061074587623,1.1239525511513735,1.0601662846701803,2,4,5,6
332,67,369,"{0,4,5,6,8}",0 4 5 6 8,5,no,0.099661591633334809,0.56509187641319769,0.84516439157772816,0.9836987327562472,0.99994653027241209,2.5648061074587623,1.1239525511513735,1.0601662846701803,2,4,5,6
333,68,433,"{0,4,5,7,8}",0 4 5 7 8,5,no,0.099661591633334809,0.56509187641319769,0.84516439157772816,0.9836987327562472,0.99994653027241209,2.5648061074587623,1.1239525511513735,1.0601662846701803,2,4,5,6
334,69,465,"{0,4,6,7,8}",0 4 6 7 8,5,no,0.099661591633334809,0.56509187641319769,0.84516439157772816,0.9836987327562472,0.99994653027241209,2.5648061074587623,1.1239525511513735,1.0601662846701803,2,4,5,6
335,70,481,"{0,5,6,7,8}",0 5 6 7 8,5,no,0.099661591633334809,0.56509187641319769,0.84516439157772816,0.9836987327562472,0.99994653027241209,2.5648061074587623,1.1239525511513735,1.0601662846701803,2,4,5,6
336,71,62,"{1,2,3,4,5}",1 2 3 4 5,5,no,0.099661591633334809,0.56509187641319769,0.84516439157772816,0.9836987327562472,0.99994653027241209,2.5648061074587623,1.1239525511513735,1.0601662846701803,2,4,5,6
337,72,94,"{1,2,3,4,6}",1 2 3 4 6,5,no,0.099661591633334809,0.56509187641319769,0.84516439157772816,0.9836987327562472,0.99994653027241209,2.5648061074587623,1.1239525511513735,1.0601662846701803,2,4,5,6
338,73,158,"{1,2,3,4,7}",1 2 3 4 7,5,no,0.099661591633334809,0.56509187641319769,0.84516439157772816,0.9836987327562472,0.99994653027241209,2.5648061074587623,1.1239525511513735,1.0601662846701803,2,4,5,6
339,74,286,"{1,2,3,4,8}",1 2 3 4 8,5,no,0.099661591633334809,0.56509187641319769,0.84516439157772816,0.9836987327562472,0.99994653027241209,2.5648061074587623,1.1239525511513735,1.0601662846701803,2,4,5,6
340,75,110,"{1,2,3,5,6}",1 2 3 5 6,5,no,0.099661591633334809,0.56509187641319769,0.84516439157772816,0.9836987327562472,0.99994653027241209,2.5648061074587623,1.1239525511513735,1.0601662846701803,2,4,5,6
341,76,174,"{1,2,3,5,7}",1 2 3 5 7,5,no,0.099661591633334809,0.56509187641319769,0.84516439157772816,0.9836987327562472,0.99994653027241209,2.5648061074587623,1.1239525511513735,1.0601662846701803,2,4,5,6
342,77,302,"{1,2,3,5,8}",1 2 3 5 8,5,no,0.099661591633334809,0.56509187641319769,0.84516439157772816,0.9836987327562472,0.99994653027241209,2.5648061074587623,1.1239525511513735,1.0601662846701803,2,4,5,6
343,78,206,"{1,2,3,6,7}",1 2 3 6 7,5,no,0.099661591633334809,0.56509187641319769,0.84516439157772816,0.9836987327562472,0.99994653027241209,2.5648061074587623,1.1239525511513735,1.0601662846701803,2,4,5,6
344,79,334,"{1,2,3,6,8}",1 2 3 6 8,5,no,0.099661591633334809,0.56509187641319769,0.84516439157772816,0.9836987327562472,0.99994653027241209,2.5648061074587623,1.1239525511513735,1.0601662846701803,2,4,5,6
345,80,398,"{1,2,3,7,8}",1 2 3 7 8,5,no,0.099661591633334809,0.56509187641319769,0.84516439157772816,0.9836987327562472,0.99994653027241209,2.5648061074587623,1.1239525511513735,1.0601662846701803,2,4,5,6
346,81,118,"{1,2,4,5,6}",1 2 4 5 6,5,no,0.099661591633334809,0.56509187641319769,0.84516439157772816,0.9836987327562472,0.99994653027241209,2.5648061074587623,1.1239525511513735,1.0601662846701803,2,4,5,6
347,82,182,"{1,2,4,5,7}",1 2 4 5 7,5,no,0.099661591633334809,0.56509187641319769,0.84516439157772816,0.9836987327562472,0.99994653027241209,2.5648061074587623,1.1239525511513735,1.0601662846701803,2,4,5,6
348,83,310,"{1,2,4,5,8}",1 2 4 5 8,5,no,0.099661591633334809,0.56509187641319769,0.84516439157772816,0.9836987327562472,0.99994653027241209,2.5648061074587623,1.1239525511513735,1.0601662846701803,2,4,5,6
349,84,214,"{1,2,4,6,7}",1 2 4 6 7,5,no,0.099661591633334809,0.56509187641319769,0.84516439157772816,0.9836987327562472,0.99994653027241209,2.5648061074587623,1.1239525511513735,1.0601662846701803,2,4,5,6
350,85,342,"{1,2,4,6,8}",1 2 4 6 8,5,no,0.099661591633334809,0.56509187641319769,0.84516439157772816,0.9836987327562472,0.99994653027241209,2.5648061074587623,1.1239525511513735,1.0601662846701803,2,4,5,6
351,86,406,"{1,2,4,7,8}",1 2 4 7 8,5,no,0.099661591633334809,0.56509187641319769,0.84516439157772816,0.9836987327562472,0.99994653027241209,2.5648061074587623,1.1239525511513735,1.0601662846701803,2,4,5,6
352,87,230,"{1,2,5,6,7}",1 2 5 6 7,5,no,0.099661591633334809,0.56509187641319769,0.84516439157772816,0.9836987327562472,0.99994653027241209,2.5648061074587623,1.1239525511513735,1.0601662846701803,2,4,5,6
353,88,358,"{1,2,5,6,8}",1 2 5 6 8,5,no,0.099661591633334809,0.56509187641319769,0.84516439157772816,0.9836987327562472,0.99994653027241209,2.5648061074587623,1.1239525511513735,1.0601662846701803,2,4,5,6
354,89,422,"{1,2,5,7,8}",1 2 5 7 8,5,no,0.099661591633334809,0.56509187641319769,0.84516439157772816,0.9836987327562472,0.99994653027241209,2.5648061074587623,1.1239525511513735,1.0601662846701803,2,4,5,6
355,90,454,"{1,2,6,7,8}",1 2 6 7 8,5,no,0.099661591633334809,0.56509187641319769,0.84516439157772816,0.9836987327562472,0.99994653027241209,2.5648061074587623,1.1239525511513735,1.0601662846701803,2,4,5,6
356,91,122,"{1,3,4,5,6}",1 3 4 5 6,5,no,0.099661591633334809,0.56509187641319769,0.84516439157772816,0.9836987327562472,0.99994653027241209,2.5648061074587623,1.1239525511513735,1.0601662846701803,2,4,5,6
357,92,186,"{1,3,4,5,7}",1 3 4 5 7,5,no,0.099661591633334809,0.56509187641319769,0.84516439157772816,0.9836987327562472,0.99994653027241209,2.5648061074587623,1.1239525511513735,1.0601662846701803,2,4,5,6
358,93,314,"{1,3,4,5,8}",1 3 4 5 8,5,no,0.099661591633334809,0.56509187641319769,0.84516439157772816,0.9836987327562472,0.99994653027241209,2.5648061074587623,1.1239525511513735,1.0601662846701803,2,4,5,6
359,94,218,"{1,3,4,6,7}",1 3 4 6 7,5,no,0.099661591633334809,0.56509187641319769,0.84516439157772816,0.9836987327562472,0.99994653027241209,2.5648061074587623,1.1239525511513735,1.0601662846701803,2,4,5,6
360,95,346,"{1,3,4,6,8}",1 3 4 6 8,5,no,0.099661591633334809,0.56509187641319769,0.84516439157772816,0.9836987327562472,0.99994653027241209,2.5648061074587623,1.1239525511513735,1.0601662846701803,2,4,5,6
361,96,410,"{1,3,4,7,8}",1 3 4 7 8,5,no,0.099661591633334809,0.56509187641319769,0.84516439157772816,0.9836987327562472,0.99994653027241209,2.5648061074587623,1.1239525511513735,1.0601662846701803,2,4,5,6
362,97,234,"{1,3,5,6,7}",1 3 5 6 7,5,no,0.099661591633334809,0.56509187641319769,0.84516439157772816,0.9836987327562472,0.99994653027241209,2.5648061074587623,1.1239525511513735,1.0601662846701803,2,4,5,6
363,98,362,"{1,3,5,6,8}",1 3 5 6 8,5,no,0.099661591633334809,0.56509187641319769,0.84516439157772816,0.9836987327562472,0.99994653027241209,2.5648061074587623,1.1239525511513735,1.0601662846701803,2,4,5,6
364,99,426,"{1,3,5,7,8}",1 3 5 7 8,5,no,0.099661591633334809,0.56509187641319769,0.84516439157772816,0.9836987327562472,0.99994653027241209,2.5648061074587623,1.1239525511513735,1.0601662846701803,2,4,5,6
365,100,458,"{1,3,6,7,8}",1 3 6 7 8,5,no,0.099661591633334809,0.56509187641319769,0.84516439157772816,0.9836987327562472,0.99994653027241209,2.5648061074587623,1.1239525511513735,1.0601662846701803,2,4,5,6
366,101,242,"{1,4,5,6,7}",1 4 5 6 7,5,no,0.099661591633334809,0.56509187641319769,0.84516439157772816,0.9836987327562472,0.99994653027241209,2.5648061074587623,1.1239525511513735,1.0601662846701803,2,4,5,6
367,102,370,"{1,4,5,6,8}",1 4 5 6 8,5,no,0.099661591633334809,0.56509187641319769,0.84516439157772816,0.9836987327562472,0.99994653027241209,2.5648061074587623,1.1239525511513735,1.0601662846701803,2,4,5,6
368,103,434,"{1,4,5,7,8}",1 4 5 7 8,5,no,0.099661591633334809,0.56509187641319769,0.84516439157772816,0.9836987327562472,0.99994653027241209,2.5648061074587623,1.1239525511513735,1.0601662846701803,2,4,5,6
369,104,466,"{1,4,6,7,8}",1 4 6 7 8,5,no,0.099661591633334809,0.56509187641319769,0.84516439157772816,0.9836987327562472,0.99994653027241209,2.5648061074587623,1.1239525511513735,1.0601662846701803,2,4,5,6
370,105,482,"{1,5,6,7,8}",1 5 6 7 8,5,no,0.099661591633334809,0.56509187641319769,0.84516439157772816,0.9836987327562472,0.99994653027241209,2.5648061074587623,1.1239525511513735,1.0601662846701803,2,4,5,6
371,106,124,"{2,3,4,5,6}",2 3 4 5 6,5,no,0.099661591633334809,0.56509187641319769,0.84516439157772816,0.9836987327562472,0.99994653027241209,2.5648061074587623,1.1239525511513735,1.0601662846701803,2,4,5,6
372,107,188,"{2,3,4,5,7}",2 3 4 5 7,5,no,0.099661591633334809,0.56509187641319769,0.84516439157772816,0.9836987327562472,0.99994653027241209,2.5648061074587623,1.1239525511513735,1.0601662846701803,2,4,5,6
373,108,316,"{2,3,4,5,8}",2 3 4 5 8,5,no,0.099661591633334809,0.56509187641319769,0.84516439157772816,0.9836987327562472,0.99994653027241209,2.5648061074587623,1.1239525511513735,1.0601662846701803,2,4,5,6
374,109,220,"{2,3,4,6,7}",2 3 4 6 7,5,no,0.099661591633334809,0.56509187641319769,0.84516439157772816,0.9836987327562472,0.99994653027241209,2.5648061074587623,1.1239525511513735,1.0601662846701803,2,4,5,6
375,110,348,"{2,3,4,6,8}",2 3 4 6 8,5,no,0.099661591633334809,0.56509187641319769,0.84516439157772816,0.9836987327562472,0.99994653027241209,2.5648061074587623,1.1239525511513735,1.0601662846701803,2,4,5,6
376,111,412,"{2,3,4,7,8}",2 3 4 7 8,5,no,0.099661591633334809,0.56509187641319769,0.84516439157772816,0.9836987327562472,0.99994653027241209,2.5648061074587623,1.1239525511513735,1.0601662846701803,2,4,5,6
377,112,236,"{2,3,5,6,7}",2 3 5 6 7,5,no,0.099661591633334809,0.56509187641319769,0.84516439157772816,0.9836987327562472,0.99994653027241209,2.5648061074587623,1.1239525511513735,1.0601662846701803,2,4,5,6
378,113,364,"{2,3,5,6,8}",2 3 5 6 8,5,no,0.099661591633334809,0.56509187641319769,0.84516439157772816,0.9836987327562472,0.99994653027241209,2.5648061074587623,1.1239525511513735,1.0601662846701803,2,4,5,6
379,114,428,"{2,3,5,7,8}",2 3 5 7 8,5,no,0.099661591633334809,0.56509187641319769,0.84516439157772816,0.9836987327562472,0.99994653027241209,2.5648061074587623,1.1239525511513735,1.0601662846701803,2,4,5,6
380,115,460,"{2,3,6,7,8}",2 3 6 7 8,5,no,0.099661591633334809,0.56509187641319769,0.84516439157772816,0.9836987327562472,0.99994653027241209,2.5648061074587623,1.1239525511513735,1.0601662846701803,2,4,5,6
381,116,244,"{2,4,5,6,7}",2 4 5 6 7,5,no,0.099661591633334809,0.56509187641319769,0.84516439157772816,0.9836987327562472,0.99994653027241209,2.5648061074587623,1.1239525511513735,1.0601662846701803,2,4,5,6
382,117,372,"{2,4,5,6,8}",2 4 5 6 8,5,no,0.099661591633334809,0.56509187641319769,0.84516439157772816,0.9836987327562472,0.99994653027241209,2.5648061074587623,1.1239525511513735,1.0601662846701803,2,4,5,6
383,118,436,"{2,4,5,7,8}",2 4 5 7 8,5,no,0.099661591633334809,0.56509187641319769,0.84516439157772816,0.9836987327562472,0.99994653027241209,2.5648061074587623,1.1239525511513735,1.0601662846701803,2,4,5,6
384,119,468,"{2,4,6,7,8}",2 4 6 7 8,5,no,0.099661591633334809,0.56509187641319769,0.84516439157772816,0.9836987327562472,0.99994653027241209,2.5648061074587623,1.1239525511513735,1.0601662846701803,2,4,5,6
385,120,484,"{2,5,6,7,8}",2 5 6 7 8,5,no,0.099661591633334809,0.56509187641319769,0.84516439157772816,0.9836987327562472,0.99994653027241209,2.5648061074587623,1.1239525511513735,1.0601662846701803,2,4,5,6
386,121,248,"{3,4,5,6,7}",3 4 5 6 7,5,no,0.099661591633334809,0.56509187641319769,0.84516439157772816,0.9836987327562472,0.99994653027241209,2.5648061074587623,1.1239525511513735,1.0601662846701803,2,4,5,6
387,122,376,"{3,4,5,6,8}",3 4 5 6 8,5,no,0.099661591633334809,0.56509187641319769,0.84516439157772816,0.9836987327562472,0.99994653027241209,2.5648061074587623,1.1239525511513735,1.0601662846701803,2,4,5,6
388,123,440,"{3,4,5,7,8}",3 4 5 7 8,5,no,0.099661591633334809,0.56509187641319769,0.84516439157772816,0.9836987327562472,0.99994653027241209,2.5648061074587623,1.1239525511513735,1.0601662846701803,2,4,5,6
389,124,472,"{3,4,6,7,8}",3 4 6 7 8,5,no,0.099661591633334809,0.56509187641319769,0.84516439157772816,0.9836987327562472,0.99994653027241209,2.5648061074587623,1.1239525511513735,1.0601662846701803,2,4,5,6
390,125,488,"{3,5,6,7,8}",3 5 6 7 8,5,no,0.099661591633334809,0.56509187641319769,0.84516439157772816,0.9836987327562472,0.99994653027241209,2.5648061074587623,1.1239525511513735,1.0601662846701803,2,4,5,6
391,126,496,"{4,5,6,7,8}",4 5 6 7 8,5,no,0.099661591633334809,0.56509187641319769,0.84516439157772816,0.9836987327562472,0.99994653027241209,2.5648061074587623,1.1239525511513735,1.0601662846701803,2,4,5,6
392,85,515,"{0,1,9}",0 1 9,3,yes,0.19323313871803277,0.559441105624505,0.78169281914636246,0.94475789124190479,0.99758074770186367,2.6914576097989964,2.444349868250864,1.563441674080253,2,5,6,8
393,86,517,"{0,2,9}",0 2 9,3,yes,0.19323313871803277,0.559441105624505,0.78169281914636246,0.94475789124190479,0.99758074770186367,2.6914576097989964,2.444349868250864,1.563441674080253,2,5,6,8
394,87,521,"{0,3,9}",0 3 9,3,yes,0.19323313871803277,0.559441105624505,0.78169281914636246,0.94475789124190479,0.99758074770186367,2.6914576097989964,2.444349868250864,1.563441674080253,2,5,6,8
395,88,529,"{0,4,9}",0 4 9,3,yes,0.19323313871803277,0.559441105624505,0.78169281914636246,0.94475789124190479,0.99758074770186367,2.6914576097989964,2.444349868250864,1.563441674080253,2,5,6,8
396,89,545,"{0,5,9}",0 5 9,3,yes,0.19323313871803277,0.559441105624505,0.78169281914636246,0.94475789124190479,0.99758074770186367,2.6914576097989964,2.444349868250864,1.563441674080253,2,5,6,8
397,90,577,"{0,6,9}",0 6 9,3,yes,0.19323313871803277,0.559441105624505,0.78169281914636246,0.94475789124190479,0.99758074770186367,2.6914576097989964,2.444349868250864,1.563441674080253,2,5,6,8
398,91,641,"{0,7,9}",0 7 9,3,yes,0.19323313871803277,0.559441105624505,0.78169281914636246,0.94475789124190479,0.99758074770186367,2.6914576097989964,2.444349868250864,1.563441674080253,2,5,6,8
399,92,769,"{0,8,9}",0 8 9,3,yes,0.19323313871803277,0.559441105624505,0.78169281914636246,0.94475789124190479,0.99758074770186367,2.6914576097989964,2.444349868250864,1.563441674080253,2,5,6,8
400,93,518,"{1,2,9}",1 2 9,3,yes,0.18410704815379403,0.55528676290258794,0.78058472495299114,0.94470544115025445,0.99758073395490099,2.7061619997378812,2.4238939806271134,1.5568859883199904,2,5,6,8
401,94,522,"{1,3,9}",1 3 9,3,yes,0.18410704815379403,0.55528676290258794,0.78058472495299114,0.94470544115025445,0.99758073395490099,2.7061619997378812,2.4238939806271134,1.5568859883199904,2,5,6,8
402,95,530,"{1,4,9}",1 4 9,3,yes,0.18410704815379403,0.55528676290258794,0.78058472495299114,0.94470544115025445,0.99758073395490099,2.7061619997378812,2.4238939806271134,1.5568859883199904,2,5,6,8
403,96,546,"{1,5,9}",1 5 9,3,yes,0.18410704815379403,0.55528676290258794,0.78058472495299114,0.94470544115025445,0.99758073395490099,2.7061619997378812,2.4238939806271134,1.5568859883199904,2,5,6,8
404,97,578,"{1,6,9}",1 6 9,3,yes,0.18410704815379403,0.55528676290258794,0.78058472495299114,0.94470544115025445,0.99758073395490099,2.7061619997378812,2.4238939806271134,1.5568859883199904,2,5,6,8
405,98,642,"{1,7,9}",1 7 9,3,yes,0.18410704815379403,0.55528676290258794,0.78058472495299114,0.94470544115025445,0.99758073395490099,2.7061619997378812,2.4238939806271134,1.5568859883199904,2,5,6,8
406,99,770,"{1,8,9}",1 8 9,3,yes,0.18410704815379403,0.55528676290258794,0.78058472495299114,0.94470544115025445,0.99758073395490099,2.7061619997378812,2.4238939806271134,1.5568859883199904,2,5,6,8
407,100,524,"{2,3,9}",2 3 9,3,yes,0.18410704815379403,0.55528676290258794,0.78058472495299114,0.94470544115025445,0.99758073395490099,2.7061619997378812,2.4238939806271134,1.5568859883199904,2,5,6,8
408,101,532,"{2,4,9}",2 4 9,3,yes,0.18410704815379403,0.55528676290258794,0.78058472495299114,0.94470544115025445,0.99758073395490099,2.7061619997378812,2.4238939806271134,1.5568859883199904,2,5,6,8
409,102,548,"{2,5,9}",2 5 9,3,yes,0.18410704815379403,0.55528676290258794,0.78058472495299114,0.94470544115025445,0.99758073395490099,2.7061619997378812,2.4238939806271134,1.5568859883199904,2,5,6,8
410,103,580,"{2,6,9}",2 6 9,3,yes,0.18410704815379403,0.55528676290258794,0.78058472495299114,0.94470544115025445,0.99758073395490099,2.7061619997378812,2.4238939806271134,1.5568859883199904,2,5,6,8
411,104,644,"{2,7,9}",2 7 9,3,yes,0.18410704815379403,0.55528676290258794,0.78058472495299114,0.94470544115025445,0.99758073395490099,2.7061619997378812,2.4238939806271134,1.5568859883199904,2,5,6,8
412,105,772,"{2,8,9}",2 8 9,3,yes,0.18410704815379403,0.55528676290258794,0.78058472495299114,0.94470544115025445,0.99758073395490099,2.7061619997378812,2.4238939806271134,1.5568859883199904,2,5,6,8
413,106,536,"{3,4,9}",3 4 9,3,yes,0.18410704815379403,0.55528676290258794,0.78058472495299114,0.94470544115025445,0.99758073395490099,2.7061619997378812,2.4238939806271134,1.5568859883199904,2,5,6,8
414,107,552,"{3,5,9}",3 5 9,3,yes,0.18410704815379403,0.55528676290258794,0.78058472495299114,0.94470544115025445,0.99758073395490099,2.7061619997378812,2.4238939806271134,1.5568859883199904,2,5,6,8
415,108,584,"{3,6,9}",3 6 9,3,yes,0.18410704815379403,0.55528676290258794,0.78058472495299114,0.94470544115025445,0.99758073395490099,2.7061619997378812,2.4238939806271134,1.5568859883199904,2,5,6,8
416,109,648,"{3,7,9}",3 7 9,3,yes,0.18410704815379403,0.55528676290258794,0.78058472495299114,0.94470544115025445,0.99758073395490099,2.7061619997378812,2.4238939806271134,1.5568859883199904,2,5,6,8
417,110,776,"{3,8,9}",3 8 9,3,yes,0.18410704815379403,0.55528676290258794,0.78058472495299114,0.94470544115025445,0.99758073395490099,2.7061619997378812,2.4238939806271134,1.5568859883199904,2,5,6,8
418,111,560,"{4,5,9}",4 5 9,3,yes,0.18410704815379403,0.55528676290258794,0.78058472495299114,0.94470544115025445,0.99758073395490099,2.7061619997378812,2.4238939806271134,1.5568859883199904,2,5,6,8
419,112,592,"{4,6,9}",4 6 9,3,yes,0.18410704815379403,0.55528676290258794,0.78058472495299114,0.94470544115025445,0.99758073395490099,2.7061619997378812,2.4238939806271134,1.5568859883199904,2,5,6,8
420,113,656,"{4,7,9}",4 7 9,3,yes,0.18410704815379403,0.55528676290258794,0.78058472495299114,0.94470544115025445,0.99758073395490099,2.7061619997378812,2.4238939806271134,1.5568859883199904,2,5,6,8
421,114,784,"{4,8,9}",4 8 9,3,yes,0.18410704815379403,0.55528676290258794,0.78058472495299114,0.94470544115025445,0.99758073395490099,2.7061619997378812,2.4238939806271134,1.5568859883199904,2,5,6,8
422,115,608,"{5,6,9}",5 6 9,3,yes,0.18410704815379403,0.55528676290258794,0.78058472495299114,0.94470544115025445,0.99758073395490099,2.7061619997378812,2.4238939806271134,1.5568859883199904,2,5,6,8
423,116,672,"{5,7,9}",5 7 9,3,yes,0.18410704815379403,0.55528676290258794,0.78058472495299114,0.94470544115025445,0.99758073395490099,2.7061619997378812,2.4238939806271134,1.5568859883199904,2,5,6,8
424,117,800,"{5,8,9}",5 8 9,3,yes,0.18410704815379403,0.55528676290258794,0.78058472495299114,0.94470544115025445,0.99758073395490099,2.7061619997378812,2.4238939806271134,1.5568859883199904,2,5,6,8
425,118,704,"{6,7,9}",6 7 9,3,yes,0.18410704815379403,0.55528676290258794,0.78058472495299114,0.94470544115025445,0.99758073395490099,2.7061619997378812,2.4238939806271134,1.5568859883199904,2,5,6,8
426,119,832,"{6,8,9}",6 8 9,3,yes,0.18410704815379403,0.55528676290258794,0.78058472495299114,0.94470544115025445,0.99758073395490099,2.7061619997378812,2.4238939806271134,1.5568859883199904,2,5,6,8
427,120,896,"{7,8,9}",7 8 9,3,yes,0.18410704815379403,0.55528676290258794,0.78058472495299114,0.94470544115025445,0.99758073395490099,2.7061619997378812,2.4238939806271134,1.5568859883199904,2,5,6,8
428,1,63,"{0,1,2,3,4,5}",0 1 2 3 4 5,6,no,0.052998425366265485,0.49786938136730374,0.81610923564123872,0.98045333662842504,0.99993583640069006,2.7225053744100993,1.1164782943488971,1.0566353648959972,3,4,5,6
429,2,95,"{0,1,2,3,4,6}",0 1 2 3 4 6,6,no,0.052998425366265485,0.49786938136730374,0.81610923564123872,0.98045333662842504,0.99993583640069006,2.7225053744100993,1.1164782943488971,1.0566353648959972,3,4,5,6
430,3,159,"{0,1,2,3,4,7}",0 1 2 3 4 7,6,no,0.052998425366265485,0.49786938136730374,0.81610923564123872,0.98045333662842504,0.99993583640069006,2.7225053744100993,1.1164782943488971,1.0566353648959972,3,4,5,6
431,4,287,"{0,1,2,3,4,8}",0 1 2 3 4 8,6,no,0.052998425366265485,0.49786938136730374,0.81610923564123872,0.98045333662842504,0.99993583640069006,2.7225053744100993,1.1164782943488971,1.0566353648959972,3,4,5,6
432,5,111,"{0,1,2,3,5,6}",0 1 2 3 5 6,6,no,0.052998425366265485,0.49786938136730374,0.81610923564123872,0.98045333662842504,0.99993583640069006,2.7225053744100993,1.1164782943488971,1.0566353648959972,3,4,5,6
433,6,175,"{0,1,2,3,5,7}",0 1 2 3 5 7,6,no,0.052998425366265485,0.49786938136730374,0.81610923564123872,0.98045333662842504,0.99993583640069006,2.7225053744100993,1.1164782943488971,1.0566353648959972,3,4,5,6
434,7,303,"{0,1,2,3,5,8}",0 1 2 3 5 8,6,no,0.052998425366265485,0.49786938136730374,0.81610923564123872,0.98045333662842504,0.99993583640069006,2.7225053744100993,1.1164782943488971,1.0566353648959972,3,4,5,6
435,8,207,"{0,1,2,3,6,7}",0 1 2 3 6 7,6,no,0.052998425366265485,0.49786938136730374,0.81610923564123872,0.98045333662842504,0.99993583640069006,2.7225053744100993,1.1164782943488971,1.0566353648959972,3,4,5,6
436,9,335,"{0,1,2,3,6,8}",0 1 2 3 6 8,6,no,0.052998425366265485,0.49786938136730374,0.81610923564123872,0.98045333662842504,0.99993583640069006,2.7225053744100993,1.1164782943488971,1.0566353648959972,3,4,5,6
437,10,399,"{0,1,2,3,7,8}",0 1 2 3 7 8,6,no,0.052998425366265485,0.49786938136730374,0.81610923564123872,0.98045333662842504,0.99993583640069006,2.7225053744100993,1.1164782943488971,1.0566353648959972,3,4,5,6
438,11,119,"{0,1,2,4,5,6}",0 1 2 4 5 6,6,no,0.052998425366265485,0.49786938136730374,0.81610923564123872,0.98045333662842504,0.99993583640069006,2.7225053744100993,1.1164782943488971,1.0566353648959972,3,4,5,6
439,12,183,"{0,1,2,4,5,7}",0 1 2 4 5 7,6,no,0.052998425366265485,0.49786938136730374,0.81610923564123872,0.98045333662842504,0.99993583640069006,2.7225053744100993,1.1164782943488971,1.0566353648959972,3,4,5,6
440,13,311,"{0,1,2,4,5,8}",0 1 2 4 5 8,6,no,0.052998425366265485,0.49786938136730374,0.81610923564123872,0.98045333662842504,0.99993583640069006,2.7225053744100993,1.1164782943488971,1.0566353648959972,3,4,5,6
441,14,215,"{0,1,2,4,6,7}",0 1 2 4 6 7,6,no,0.052998425366265485,0.49786938136730374,0.81610923564123872,0.98045333662842504,0.99993583640069006,2.7225053744100993,1.1164782943488971,1.0566353648959972,3,4,5,6
442,15,343,"{0,1,2,4,6,8}",0 1 2 4 6 8,6,no,0.052998425366265485,0.49786938136730374,0.81610923564123872,0.98045333662842504,0.99993583640069006,2.7225053744100993,1.1164782943488971,1.0566353648959972,3,4,5,6
443,16,407,"{0,1,2,4,7,8}",0 1 2 4 7 8,6,no,0.052998425366265485,0.49786938136730374,0.81610923564123872,0.98045333662842504,0.99993583640069006,2.7225053744100993,1.1164782943488971,1.0566353648959972,3,4,5,6
444,17,231,"{0,1,2,5,6,7}",0 1 2 5 6 7,6,no,0.052998425366265485,0.49786938136730374,0.81610923564123872,0.98045333662842504,0.99993583640069006,2.7225053744100993,1.1164782943488971,1.0566353648959972,3,4,5,6
445,18,359,"{0,1,2,5,6,8}",0 1 2 5 6 8,6,no,0.052998425366265485,0.49786938136730374,0.81610923564123872,0.98045333662842504,0.99993583640069006,2.7225053744100993,1.1164782943488971,1.0566353648959972,3,4,5,6
446,19,423,"{0,1,2,5,7,8}",0 1 2 5 7 8,6,no,0.052998425366265485,0.49786938136730374,0.81610923564123872,0.98045333662842504,0.99993583640069006,2.7225053744100993,1.1164782943488971,1.0566353648959972,3,4,5,6
447,20,455,"{0,1,2,6,7,8}",0 1 2 6 7 8,6,no,0.052998425366265485,0.49786938136730374,0.81610923564123872,0.98045333662842504,0.99993583640069006,2.7225053744100993,1.1164782943488971,1.0566353648959972,3,4,5,6
448,21,123,"{0,1,3,4,5,6}",0 1 3 4 5 6,6,no,0.052998425366265485,0.49786938136730374,0.81610923564123872,0.98045333662842504,0.99993583640069006,2.7225053744100993,1.1164782943488971,1.0566353648959972,3,4,5,6
449,22,187,"{0,1,3,4,5,7}",0 1 3 4 5 7,6,no,0.052998425366265485,0.49786938136730374,0.81610923564123872,0.98045333662842504,0.99993583640069006,2.7225053744100993,1.1164782943488971,1.0566353648959972,3,4,5,6
450,23,315,"{0,1,3,4,5,8}",0 1 3 4 5 8,6,no,0.052998425366265485,0.49786938136730374,0.81610923564123872,0.98045333662842504,0.99993583640069006,2.7225053744100993,1.1164782943488971,1.0566353648959972,3,4,5,6
451,24,219,"{0,1,3,4,6,7}",0 1 3 4 6 7,6,no,0.052998425366265485,0.49786938136730374,0.81610923564123872,0.98045333662842504,0.99993583640069006,2.7225053744100993,1.1164782943488971,1.0566353648959972,3,4,5,6
452,25,347,"{0,1,3,4,6,8}",0 1 3 4 6 8,6,no,0.052998425366265485,0.49786938136730374,0.81610923564123872,0.98045333662842504,0.99993583640069006,2.7225053744100993,1.1164782943488971,1.0566353648959972,3,4,5,6
453,26,411,"{0,1,3,4,7,8}",0 1 3 4 7 8,6,no,0.052998425366265485,0.49786938136730374,0.81610923564123872,0.98045333662842504,0.99993583640069006,2.7225053744100993,1.1164782943488971,1.0566353648959972,3,4,5,6
454,27,235,"{0,1,3,5,6,7}",0 1 3 5 6 7,6,no,0.052998425366265485,0.49786938136730374,0.81610923564123872,0.98045333662842504,0.99993583640069006,2.7225053744100993,1.1164782943488971,1.0566353648959972,3,4,5,6
455,28,363,"{0,1,3,5,6,8}",0 1 3 5 6 8,6,no,0.052998425366265485,0.49786938136730374,0.81610923564123872,0.98045333662842504,0.99993583640069006,2.7225053744100993,1.1164782943488971,1.0566353648959972,3,4,5,6
456,29,427,"{0,1,3,5,7,8}",0 1 3 5 7 8,6,no,0.052998425366265485,0.49786938136730374,0.81610923564123872,0.98045333662842504,0.99993583640069006,2.7225053744100993,1.1164782943488971,1.0566353648959972,3,4,5,6
457,30,459,"{0,1,3,6,7,8}",0 1 3 6 7 8,6,no,0.052998425366265485,0.49786938136730374,0.81610923564123872,0.98045333662842504,0.99993583640069006,2.7225053744100993,1.1164782943488971,1.0566353648959972,3,4,5,6
458,31,243,"{0,1,4,5,6,7}",0 1 4 5 6 7,6,no,0.052998425366265485,0.49786938136730374,0.81610923564123872,0.98045333662842504,0.99993583640069006,2.7225053744100993,1.1164782943488971,1.0566353648959972,3,4,5,6
459,32,371,"{0,1,4,5,6,8}",0 1 4 5 6 8,6,no,0.052998425366265485,0.49786938136730374,0.81610923564123872,0.98045333662842504,0.99993583640069006,2.7225053744100993,1.1164782943488971,1.0566353648959972,3,4,5,6
460,33,435,"{0,1,4,5,7,8}",0 1 4 5 7 8,6,no,0.052998425366265485,0.49786938136730374,0.81610923564123872,0.98045333662842504,0.99993583640069006,2.7225053744100993,1.1164782943488971,1.0566353648959972,3,4,5,6
461,34,467,"{0,1,4,6,7,8}",0 1 4 6 7 8,6,no,0.052998425366265485,0.49786938136730374,0.81610923564123872,0.98045333662842504,0.99993583640069006,2.7225053744100993,1.1164782943488971,1.0566353648959972,3,4,5,6
462,35,483,"{0,1,5,6,7,8}",0 1 5 6 7 8,6,no,0.052998425366265485,0.49786938136730374,0.81610923564123872,0.98045333662842504,0.99993583640069006,2.7225053744100993,1.1164782943488971,1.0566353648959972,3,4,5,6
463,36,125,"{0,2,3,4,5,6}",0 2 3 4 5 6,6,no,0.052998425366265485,0.49786938136730374,0.81610923564123872,0.98045333662842504,0.99993583640069006,2.7225053744100993,1.1164782943488971,1.0566353648959972,3,4,5,6
464,37,189,"{0,2,3,4,5,7}",0 2 3 4 5 7,6,no,0.052998425366265485,0.49786938136730374,0.81610923564123872,0.98045333662842504,0.99993583640069006,2.7225053744100993,1.1164782943488971,1.0566353648959972,3,4,5,6
465,38,317,"{0,2,3,4,5,8}",0 2 3 4 5 8,6,no,0.052998425366265485,0.49786938136730374,0.81610923564123872,0.98045333662842504,0.99993583640069006,2.7225053744100993,1.1164782943488971,1.0566353648959972,3,4,5,6
466,39,221,"{0,2,3,4,6,7}",0 2 3 4 6 7,6,no,0.052998425366265485,0.49786938136730374,0.81610923564123872,0.98045333662842504,0.99993583640069006,2.7225053744100993,1.1164782943488971,1.0566353648959972,3,4,5,6
467,40,349,"{0,2,3,4,6,8}",0 2 3 4 6 8,6,no,0.052998425366265485,0.49786938136730374,0.81610923564123872,0.98045333662842504,0.99993583640069006,2.7225053744100993,1.1164782943488971,1.0566353648959972,3,4,5,6
468,41,413,"{0,2,3,4,7,8}",0 2 3 4 7 8,6,no,0.052998425366265485,0.49786938136730374,0.81610923564123872,0.98045333662842504,0.99993583640069006,2.7225053744100993,1.1164782943488971,1.0566353648959972,3,4,5,6
469,42,237,"{0,2,3,5,6,7}",0 2 3 5 6 7,6,no,0.052998425366265485,0.49786938136730374,0.81610923564123872,0.98045333662842504,0.99993583640069006,2.7225053744100993,1.1164782943488971,1.0566353648959972,3,4,5,6
470,43,365,"{0,2,3,5,6,8}",0 2 3 5 6 8,6,no,0.052998425366265485,0.49786938136730374,0.81610923564123872,0.98045333662842504,0.99993583640069006,2.7225053744100993,1.1164782943488971,1.0566353648959972,3,4,5,6
471,44,429,"{0,2,3,5,7,8}",0 2 3 5 7 8,6,no,0.052998425366265485,0.49786938136730374,0.81610923564123872,0.98045333662842504,0.99993583640069006,2.7225053744100993,1.1164782943488971,1.0566353648959972,3,4,5,6
472,45,461,"{0,2,3,6,7,8}",0 2 3 6 7 8,6,no,0.052998425366265485,0.49786938136730374,0.81610923564123872,0.98045333662842504,0.99993583640069006,2.7225053744100993,1.1164782943488971,1.0566353648959972,3,4,5,6
473,46,245,"{0,2,4,5,6,7}",0 2 4 5 6 7,6,no,0.052998425366265485,0.49786938136730374,0.81610923564123872,0.98045333662842504,0.99993583640069006,2.7225053744100993,1.1164782943488971,1.0566353648959972,3,4,5,6
474,47,373,"{0,2,4,5,6,8}",0 2 4 5 6 8,6,no,0.052998425366265485,0.49786938136730374,0.81610923564123872,0.98045333662842504,0.99993583640069006,2.7225053744100993,1.1164782943488971,1.0566353648959972,3,4,5,6
475,48,437,"{0,2,4,5,7,8}",0 2 4 5 7 8,6,no,0.052998425366265485,0.49786938136730374,0.81610923564123872,0.98045333662842504,0.99993583640069006,2.7225053744100993,1.1164782943488971,1.0566353648959972,3,4,5,6
476,49,469,"{0,2,4,6,7,8}",0 2 4 6 7 8,6,no,0.052998425366265485,0.49786938136730374,0.81610923564123872,0.98045333662842504,0.99993583640069006,2.7225053744100993,1.1164782943488971,1.0566353648959972,3,4,5,6
477,50,485,"{0,2,5,6,7,8}",0 2 5 6 7 8,6,no,0.052998425366265485,0.49786938136730374,0.81610923564123872,0.98045333662842504,0.99993583640069006,2.7225053744100993,1.1164782943488971,1.0566353648959972,3,4,5,6
478,51,249,"{0,3,4,5,6,7}",0 3 4 5 6 7,6,no,0.052998425366265485,0.49786938136730374,0.81610923564123872,0.98045333662842504,0.99993583640069006,2.7225053744100993,1.1164782943488971,1.0566353648959972,3,4,5,6
479,52,377,"{0,3,4,5,6,8}",0 3 4 5 6 8,6,no,0.052998425366265485,0.49786938136730374,0.81610923564123872,0.98045333662842504,0.99993583640069006,2.7225053744100993,1.1164782943488971,1.0566353648959972,3,4,5,6
480,53,441,"{0,3,4,5,7,8}",0 3 4 5 7 8,6,no,0.052998425366265485,0.49786938136730374,0.81610923564123872,0.98045333662842504,0.99993583640069006,2.7225053744100993,1.1164782943488971,1.0566353648959972,3,4,5,6
481,54,473,"{0,3,4,6,7,8}",0 3 4 6 7 8,6,no,0.052998425366265485,0.49786938136730374,0.81610923564123872,0.98045333662842504,0.99993583640069006,2.7225053744100993,1.1164782943488971,1.0566353648959972,3,4,5,6
482,55,489,"{0,3,5,6,7,8}",0 3 5 6 7 8,6,no,0.052998425366265485,0.49786938136730374,0.81610923564123872,0.98045333662842504,0.99993583640069006,2.7225053744100993,1.1164782943488971,1.0566353648959972,3,4,5,6
483,56,497,"{0,4,5,6,7,8}",0 4 5 6 7 8,6,no,0.052998425366265485,0.49786938136730374,0.81610923564123872,0.98045333662842504,0.99993583640069006,2.7225053744100993,1.1164782943488971,1.0566353648959972,3,4,5,6
484,57,126,"{1,2,3,4,5,6}",1 2 3 4 5 6,6,no,0.052998425366265485,0.49786938136730374,0.81610923564123872,0.98045333662842504,0.99993583640069006,2.7225053744100993,1.1164782943488971,1.0566353648959972,3,4,5,6
485,58,190,"{1,2,3,4,5,7}",1 2 3 4 5 7,6,no,0.052998425366265485,0.49786938136730374,0.81610923564123872,0.98045333662842504,0.99993583640069006,2.7225053744100993,1.1164782943488971,1.0566353648959972,3,4,5,6
486,59,318,"{1,2,3,4,5,8}",1 2 3 4 5 8,6,no,0.052998425366265485,0.49786938136730374,0.81610923564123872,0.98045333662842504,0.99993583640069006,2.7225053744100993,1.1164782943488971,1.0566353648959972,3,4,5,6
487,60,222,"{1,2,3,4,6,7}",1 2 3 4 6 7,6,no,0.052998425366265485,0.49786938136730374,0.81610923564123872,0.98045333662842504,0.99993583640069006,2.7225053744100993,1.1164782943488971,1.0566353648959972,3,4,5,6
488,61,350,"{1,2,3,4,6,8}",1 2 3 4 6 8,6,no,0.052998425366265485,0.49786938136730374,0.81610923564123872,0.98045333662842504,0.99993583640069006,2.7225053744100993,1.1164782943488971,1.0566353648959972,3,4,5,6
489,62,414,"{1,2,3,4,7,8}",1 2 3 4 7 8,6,no,0.052998425366265485,0.49786938136730374,0.81610923564123872,0.98045333662842504,0.99993583640069006,2.7225053744100993,1.1164782943488971,1.0566353648959972,3,4,5,6
490,63,238,"{1,2,3,5,6,7}",1 2 3 5 6 7,6,no,0.052998425366265485,0.49786938136730374,0.81610923564123872,0.98045333662842504,0.99993583640069006,2.7225053744100993,1.1164782943488971,1.0566353648959972,3,4,5,6
491,64,366,"{1,2,3,5,6,8}",1 2 3 5 6 8,6,no,0.052998425366265485,0.49786938136730374,0.81610923564123872,0.98045333662842504,0.99993583640069006,2.7225053744100993,1.1164782943488971,1.0566353648959972,3,4,5,6
492,65,430,"{1,2,3,5,7,8}",1 2 3 5 7 8,6,no,0.052998425366265485,0.49786938136730374,0.81610923564123872,0.98045333662842504,0.99993583640069006,2.7225053744100993,1.1164782943488971,1.0566353648959972,3,4,5,6
493,66,462,"{1,2,3,6,7,8}",1 2 3 6 7 8,6,no,0.052998425366265485,0.49786938136730374,0.81610923564123872,0.98045333662842504,0.99993583640069006,2.7225053744100993,1.1164782943488971,1.0566353648959972,3,4,5,6
494,67,246,"{1,2,4,5,6,7}",1 2 4 5 6 7,6,no,0.052998425366265485,0.49786938136730374,0.81610923564123872,0.98045333662842504,0.99993583640069006,2.7225053744100993,1.1164782943488971,1.0566353648959972,3,4,5,6
495,68,374,"{1,2,4,5,6,8}",1 2 4 5 6 8,6,no,0.052998425366265485,0.49786938136730374,0.81610923564123872,0.98045333662842504,0.99993583640069006,2.7225053744100993,1.1164782943488971,1.0566353648959972,3,4,5,6
496,69,438,"{1,2,4,5,7,8}",1 2 4 5 7 8,6,no,0.052998425366265485,0.49786938136730374,0.81610923564123872,0.98045333662842504,0.99993583640069006,2.7225053744100993,1.1164782943488971,1.0566353648959972,3,4,5,6
497,70,470,"{1,2,4,6,7,8}",1 2 4 6 7 8,6,no,0.052998425366265485,0.49786938136730374,0.81610923564123872,0.98045333662842504,0.99993583640069006,2.7225053744100993,1.1164782943488971,1.0566353648959972,3,4,5,6
498,71,486,"{1,2,5,6,7,8}",1 2 5 6 7 8,6,no,0.052998425366265485,0.49786938136730374,0.81610923564123872,0.98045333662842504,0.99993583640069006,2.7225053744100993,1.1164782943488971,1.0566353648959972,3,4,5,6
499,72,250,"{1,3,4,5,6,7}",1 3 4 5 6 7,6,no,0.052998425366265485,0.49786938136730374,0.81610923564123872,0.98045333662842504,0.99993583640069006,2.7225053744100993,1.1164782943488971,1.0566353648959972,3,4,5,6
500,73,378,"{1,3,4,5,6,8}",1 3 4 5 6 8,6,no,0.052998425366265485,0.49786938136730374,0.81610923564123872,0.98045333662842504,0.99993583640069006,2.7225053744100993,1.1164782943488971,1.0566353648959972,3,4,5,6
501,74,442,"{1,3,4,5,7,8}",1 3 4 5 7 8,6,no,0.052998425366265485,0.49786938136730374,0.81610923564123872,0.98045333662842504,0.99993583640069006,2.7225053744100993,1.1164782943488971,1.0566353648959972,3,4,5,6
502,75,474,"{1,3,4,6,7,8}",1 3 4 6 7 8,6,no,0.052998425366265485,0.49786938136730374,0.81610923564123872,0.98045333662842504,0.99993583640069006,2.7225053744100993,1.1164782943488971,1.0566353648959972,3,4,5,6
503,76,490,"{1,3,5,6,7,8}",1 3 5 6 7 8,6,no,0.052998425366265485,0.49786938136730374,0.81610923564123872,0.98045333662842504,0.99993583640069006,2.7225053744100993,1.1164782943488971,1.0566353648959972,3,4,5,6
504,77,498,"{1,4,5,6,7,8}",1 4 5 6 7 8,6,no,0.052998425366265485,0.49786938136730374,0.81610923564123872,0.98045333662842504,0.99993583640069006,2.7225053744100993,1.1164782943488971,1.0566353648959972,3,4,5,6
505,78,252,"{2,3,4,5,6,7}",2 3 4 5 6 7,6,no,0.052998425366265485,0.49786938136730374,0.81610923564123872,0.98045333662842504,0.99993583640069006,2.7225053744100993,1.1164782943488971,1.0566353648959972,3,4,5,6
506,79,380,"{2,3,4,5,6,8}",2 3 4 5 6 8,6,no,0.052998425366265485,0.49786938136730374,0.81610923564123872,0.98045333662842504,0.99993583640069006,2.7225053744100993,1.1164782943488971,1.0566353648959972,3,4,5,6
507,80,444,"{2,3,4,5,7,8}",2 3 4 5 7 8,6,no,0.052998425366265485,0.49786938136730374,0.81610923564123872,0.98045333662842504,0.99993583640069006,2.7225053744100993,1.1164782943488971,1.0566353648959972,3,4,5,6
508,81,476,"{2,3,4,6,7,8}",2 3 4 6 7 8,6,no,0.052998425366265485,0.49786938136730374,0.81610923564123872,0.98045333662842504,0.99993583640069006,2.7225053744100993,1.1164782943488971,1.0566353648959972,3,4,5,6
509,82,492,"{2,3,5,6,7,8}",2 3 5 6 7 8,6,no,0.052998425366265485,0.49786938136730374,0.81610923564123872,0.98045333662842504,0.99993583640069006,2.7225053744100993,1.1164782943488971,1.0566353648959972,3,4,5,6
510,83,500,"{2,4,5,6,7,8}",2 4 5 6 7 8,6,no,0.052998425366265485,0.49786938136730374,0.81610923564123872,0.98045333662842504,0.99993583640069006,2.7225053744100993,1.1164782943488971,1.0566353648959972,3,4,5,6
511,84,504,"{3,4,5,6,7,8}",3 4 5 6 7 8,6,no,0.052998425366265485,0.49786938136730374,0.81610923564123872,0.98045333662842504,0.99993583640069006,2.7225053744100993,1.1164782943488971,1.0566353648959972,3,4,5,6
512,1,127,"{0,1,2,3,4,5,6}",0 1 2 3 4 5 6,7,no,0.025458444495594576,0.43643165065260908,0.78767471982240234,0.97721288660444683,0.9999251425535669,2.8546142701319841,1.1148163043076895,1.0558486180829567,3,4,5,6
513,2,191,"{0,1,2,3,4,5,7}",0 1 2 3 4 5 7,7,no,0.025458444495594576,0.43643165065260908,0.78767471982240234,0.97721288660444683,0.9999251425535669,2.8546142701319841,1.1148163043076895,1.0558486180829567,3,4,5,6
514,3,319,"{0,1,2,3,4,5,8}",0 1 2 3 4 5 8,7,no,0.025458444495594576,0.43643165065260908,0.78767471982240234,0.97721288660444683,0.9999251425535669,2.8546142701319841,1.1148163043076895,1.0558486180829567,3,4,5,6
515,4,223,"{0,1,2,3,4,6,7}",0 1 2 3 4 6 7,7,no,0.025458444495594576,0.43643165065260908,0.78767471982240234,0.97721288660444683,0.9999251425535669,2.8546142701319841,1.1148163043076895,1.0558486180829567,3,4,5,6
516,5,351,"{0,1,2,3,4,6,8}",0 1 2 3 4 6 8,7,no,0.025458444495594576,0.43643165065260908,0.78767471982240234,0.97721288660444683,0.9999251425535669,2.8546142701319841,1.1148163043076895,1.0558486180829567,3,4,5,6
517,6,415,"{0,1,2,3,4,7,8}",0 1 2 3 4 7 8,7,no,0.025458444495594576,0.43643165065260908,0.78767471982240234,0.97721288660444683,0.9999251425535669,2.8546142701319841,1.1148163043076895,1.0558486180829567,3,4,5,6
518,7,239,"{0,1,2,3,5,6,7}",0 1 2 3 5 6 7,7,no,0.025458444495594576,0.43643165065260908,0.78767471982240234,0.97721288660444683,0.9999251425535669,2.8546142701319841,1.1148163043076895,1.0558486180829567,3,4,5,6
519,8,367,"{0,1,2,3,5,6,8}",0 1 2 3 5 6 8,7,no,0.025458444495594576,0.43643165065260908,0.78767471982240234,0.97721288660444683,0.9999251425535669,2.8546142701319841,1.1148163043076895,1.0558486180829567,3,4,5,6
520,9,431,"{0,1,2,3,5,7,8}",0 1 2 3 5 7 8,7,no,0.025458444495594576,0.43643165065260908,0.78767471982240234,0.97721288660444683,0.9999251425535669,2.8546142701319841,1.1148163043076895,1.0558486180829567,3,4,5,6
521,10,463,"{0,1,2,3,6,7,8}",0 1 2 3 6 7 8,7,no,0.025458444495594576,0.43643165065260908,0.78767471982240234,0.97721288660444683,0.9999251425535669,2.8546142701319841,1.1148163043076895,1.0558486180829567,3,4,5,6
522,11,247,"{0,1,2,4,5,6,7}",0 1 2 4 5 6 7,7,no,0.025458444495594576,0.43643165065260908,0.78767471982240234,0.97721288660444683,0.9999251425535669,2.8546142701319841,1.1148163043076895,1.0558486180829567,3,4,5,6
523,12,375,"{0,1,2,4,5,6,8}",0 1 2 4 5 6 8,7,no,0.025458444495594576,0.43643165065260908,0.78767471982240234,0.97721288660444683,0.9999251425535669,2.8546142701319841,1.1148163043076895,1.0558486180829567,3,4,5,6
524,13,439,"{0,1,2,4,5,7,8}",0 1 2 4 5 7 8,7,no,0.025458444495594576,0.43643165065260908,0.78767471982240234,0.97721288660444683,0.9999251425535669,2.8546142701319841,1.1148163043076895,1.0558486180829567,3,4,5,6
525,14,471,"{0,1,2,4,6,7,8}",0 1 2 4 6 7 8,7,no,0.025458444495594576,0.43643165065260908,0.78767471982240234,0.97721288660444683,0.9999251425535669,2.8546142701319841,1.1148163043076895,1.0558486180829567,3,4,5,6
526,15,487,"{0,1,2,5,6,7,8}",0 1 2 5 6 7 8,7,no,0.025458444495594576,0.43643165065260908,0.78767471982240234,0.97721288660444683,0.9999251425535669,2.8546142701319841,1.1148163043076895,1.0558486180829567,3,4,5,6
527,16,251,"{0,1,3,4,5,6,7}",0 1 3 4 5 6 7,7,no,0.025458444495594576,0.43643165065260908,0.78767471982240234,0.97721288660444683,0.9999251425535669,2.8546142701319841,1.1148163043076895,1.0558486180829567,3,4,5,6
528,17,379,"{0,1,3,4,5,6,8}",0 1 3 4 5 6 8,7,no,0.025458444495594576,0.43643165065260908,0.78767471982240234,0.97721288660444683,0.9999251425535669,2.8546142701319841,1.1148163043076895,1.0558486180829567,3,4,5,6
529,18,443,"{0,1,3,4,5,7,8}",0 1 3 4 5 7 8,7,no,0.025458444495594576,0.43643165065260908,0.78767471982240234,0.97721288660444683,0.9999251425535669,2.8546142701319841,1.1148163043076895,1.0558486180829567,3,4,5,6
530,19,475,"{0,1,3,4,6,7,8}",0 1 3 4 6 7 8,7,no,0.025458444495594576,0.43643165065260908,0.78767471982240234,0.97721288660444683,0.9999251425535669,2.8546142701319841,1.1148163043076895,1.0558486180829567,3,4,5,6
531,20,491,"{0,1,3,5,6,7,8}",0 1 3 5 6 7 8,7,no,0.025458444495594576,0.43643165065260908,0.78767471982240234,0.97721288660444683,0.9999251425535669,2.8546142701319841,1.1148163043076895,1.0558486180829567,3,4,5,6
532,21,499,"{0,1,4,5,6,7,8}",0 1 4 5 6 7 8,7,no,0.025458444495594576,0.43643165065260908,0.78767471982240234,0.97721288660444683,0.9999251425535669,2.8546142701319841,1.1148163043076895,1.0558486180829567,3,4,5,6
533,22,253,"{0,2,3,4,5,6,7}",0 2 3 4 5 6 7,7,no,0.025458444495594576,0.43643165065260908,0.78767471982240234,0.97721288660444683,0.9999251425535669,2.8546142701319841,1.1148163043076895,1.0558486180829567,3,4,5,6
534,23,381,"{0,2,3,4,5,6,8}",0 2 3 4 5 6 8,7,no,0.025458444495594576,0.43643165065260908,0.78767471982240234,0.97721288660444683,0.9999251425535669,2.8546142701319841,1.1148163043076895,1.0558486180829567,3,4,5,6
535,24,445,"{0,2,3,4,5,7,8}",0 2 3 4 5 7 8,7,no,0.025458444495594576,0.43643165065260908,0.78767471982240234,0.97721288660444683,0.9999251425535669,2.8546142701319841,1.1148163043076895,1.0558486180829567,3,4,5,6
536,25,477,"{0,2,3,4,6,7,8}",0 2 3 4 6 7 8,7,no,0.025458444495594576,0.43643165065260908,0.78767471982240234,0.97721288660444683,0.9999251425535669,2.8546142701319841,1.1148163043076895,1.0558486180829567,3,4,5,6
537,26,493,"{0,2,3,5,6,7,8}",0 2 3 5 6 7 8,7,no,0.025458444495594576,0.43643165065260908,0.78767471982240234,0.97721288660444683,0.9999251425535669,2.8546142701319841,1.1148163043076895,1.0558486180829567,3,4,5,6
538,27,501,"{0,2,4,5,6,7,8}",0 2 4 5 6 7 8,7,no,0.025458444495594576,0.43643165065260908,0.78767471982240234,0.97721288660444683,0.9999251425535669,2.8546142701319841,1.1148163043076895,1.0558486180829567,3,4,5,6
539,28,505,"{0,3,4,5,6,7,8}",0 3 4 5 6 7 8,7,no,0.025458444495594576,0.43643165065260908,0.78767471982240234,0.97721288660444683,0.9999251425535669,2.8546142701319841,1.1148163043076895,1.0558486180829567,3,4,5,6
540,29,254,"{1,2,3,4,5,6,7}",1 2 3 4 5 6 7,7,no,0.025458444495594576,0.43643165065260908,0.78767471982240234,0.97721288660444683,0.9999251425535669,2.8546142701319841,1.1148163043076895,1.0558486180829567,3,4,5,6
541,30,382,"{1,2,3,4,5,6,8}",1 2 3 4 5 6 8,7,no,0.025458444495594576,0.43643165065260908,0.78767471982240234,0.97721288660444683,0.9999251425535669,2.8546142701319841,1.1148163043076895,1.0558486180829567,3,4,5,6
542,31,446,"{1,2,3,4,5,7,8}",1 2 3 4 5 7 8,7,no,0.025458444495594576,0.43643165065260908,0.78767471982240234,0.97721288660444683,0.9999251425535669,2.8546142701319841,1.1148163043076895,1.0558486180829567,3,4,5,6
543,32,478,"{1,2,3,4,6,7,8}",1 2 3 4 6 7 8,7,no,0.025458444495594576,0.43643165065260908,0.78767471982240234,0.97721288660444683,0.9999251425535669,2.8546142701319841,1.1148163043076895,1.0558486180829567,3,4,5,6
544,33,494,"{1,2,3,5,6,7,8}",1 2 3 5 6 7 8,7,no,0.025458444495594576,0.43643165065260908,0.78767471982240234,0.97721288660444683,0.9999251425535669,2.8546142701319841,1.1148163043076895,1.0558486180829567,3,4,5,6
545,34,502,"{1,2,4,5,6,7,8}",1 2 4 5 6 7 8,7,no,0.025458444495594576,0.43643165065260908,0.78767471982240234,0.97721288660444683,0.9999251425535669,2.8546142701319841,1.1148163043076895,1.0558486180829567,3,4,5,6
546,35,506,"{1,3,4,5,6,7,8}",1 3 4 5 6 7 8,7,no,0.025458444495594576,0.43643165065260908,0.78767471982240234,0.97721288660444683,0.9999251425535669,2.8546142701319841,1.1148163043076895,1.0558486180829567,3,4,5,6
547,36,508,"{2,3,4,5,6,7,8}",2 3 4 5 6 7 8,7,no,0.025458444495594576,0.43643165065260908,0.78767471982240234,0.97721288660444683,0.9999251425535669,2.8546142701319841,1.1148163043076895,1.0558486180829567,3,4,5,6
548,127,519,"{0,1,2,9}",0 1 2 9,4,yes,0.1155087725238108,0.49507461668670216,0.75468342191204596,0.94160202845997454,0.99757006470405352,2.8747298294379746,2.3095977926575273,1.5197360930956161,3,5,6,8
549,128,523,"{0,1,3,9}",0 1 3 9,4,yes,0.1155087725238108,0.49507461668670216,0.75468342191204596,0.94160202845997454,0.99757006470405352,2.8747298294379746,2.3095977926575273,1.5197360930956161,3,5,6,8
550,129,531,"{0,1,4,9}",0 1 4 9,4,yes,0.1155087725238108,0.49507461668670216,0.75468342191204596,0.94160202845997454,0.99757006470405352,2.8747298294379746,2.3095977926575273,1.5197360930956161,3,5,6,8
551,130,547,"{0,1,5,9}",0 1 5 9,4,yes,0.1155087725238108,0.49507461668670216,0.75468342191204596,0.94160202845997454,0.99757006470405352,2.8747298294379746,2.3095977926575273,1.5197360930956161,3,5,6,8
552,131,579,"{0,1,6,9}",0 1 6 9,4,yes,0.1155087725238108,0.49507461668670216,0.75468342191204596,0.94160202845997454,0.99757006470405352,2.8747298294379746,2.3095977926575273,1.5197360930956161,3,5,6,8
553,132,643,"{0,1,7,9}",0 1 7 9,4,yes,0.1155087725238108,0.49507461668670216,0.75468342191204596,0.94160202845997454,0.99757006470405352,2.8747298294379746,2.3095977926575273,1.5197360930956161,3,5,6,8
554,133,771,"{0,1,8,9}",0 1 8 9,4,yes,0.1155087725238108,0.49507461668670216,0.75468342191204596,0.94160202845997454,0.99757006470405352,2.8747298294379746,2.3095977926575273,1.5197360930956161,3,5,6,8
555,134,525,"{0,2,3,9}",0 2 3 9,4,yes,0.1155087725238108,0.49507461668670216,0.75468342191204596,0.94160202845997454,0.99757006470405352,2.8747298294379746,2.3095977926575273,1.5197360930956161,3,5,6,8
556,135,533,"{0,2,4,9}",0 2 4 9,4,yes,0.1155087725238108,0.49507461668670216,0.75468342191204596,0.94160202845997454,0.99757006470405352,2.8747298294379746,2.3095977926575273,1.5197360930956161,3,5,6,8
557,136,549,"{0,2,5,9}",0 2 5 9,4,yes,0.1155087725238108,0.49507461668670216,0.75468342191204596,0.94160202845997454,0.99757006470405352,2.8747298294379746,2.3095977926575273,1.5197360930956161,3,5,6,8
558,137,581,"{0,2,6,9}",0 2 6 9,4,yes,0.1155087725238108,0.49507461668670216,0.75468342191204596,0.94160202845997454,0.99757006470405352,2.8747298294379746,2.3095977926575273,1.5197360930956161,3,5,6,8
559,138,645,"{0,2,7,9}",0 2 7 9,4,yes,0.1155087725238108,0.49507461668670216,0.75468342191204596,0.94160202845997454,0.99757006470405352,2.8747298294379746,2.3095977926575273,1.5197360930956161,3,5,6,8
560,139,773,"{0,2,8,9}",0 2 8 9,4,yes,0.1155087725238108,0.49507461668670216,0.75468342191204596,0.94160202845997454,0.99757006470405352,2.8747298294379746,2.3095977926575273,1.5197360930956161,3,5,6,8
561,140,537,"{0,3,4,9}",0 3 4 9,4,yes,0.1155087725238108,0.49507461668670216,0.75468342191204596,0.94160202845997454,0.99757006470405352,2.8747298294379746,2.3095977926575273,1.5197360930956161,3,5,6,8
562,141,553,"{0,3,5,9}",0 3 5 9,4,yes,0.1155087725238108,0.49507461668670216,0.75468342191204596,0.94160202845997454,0.99757006470405352,2.8747298294379746,2.3095977926575273,1.5197360930956161,3,5,6,8
563,142,585,"{0,3,6,9}",0 3 6 9,4,yes,0.1155087725238108,0.49507461668670216,0.75468342191204596,0.94160202845997454,0.99757006470405352,2.8747298294379746,2.3095977926575273,1.5197360930956161,3,5,6,8
564,143,649,"{0,3,7,9}",0 3 7 9,4,yes,0.1155087725238108,0.49507461668670216,0.75468342191204596,0.94160202845997454,0.99757006470405352,2.8747298294379746,2.3095977926575273,1.5197360930956161,3,5,6,8
565,144,777,"{0,3,8,9}",0 3 8 9,4,yes,0.1155087725238108,0.49507461668670216,0.75468342191204596,0.94160202845997454,0.99757006470405352,2.8747298294379746,2.3095977926575273,1.5197360930956161,3,5,6,8
566,145,561,"{0,4,5,9}",0 4 5 9,4,yes,0.1155087725238108,0.49507461668670216,0.75468342191204596,0.94160202845997454,0.99757006470405352,2.8747298294379746,2.3095977926575273,1.5197360930956161,3,5,6,8
567,146,593,"{0,4,6,9}",0 4 6 9,4,yes,0.1155087725238108,0.49507461668670216,0.75468342191204596,0.94160202845997454,0.99757006470405352,2.8747298294379746,2.3095977926575273,1.5197360930956161,3,5,6,8
568,147,657,"{0,4,7,9}",0 4 7 9,4,yes,0.1155087725238108,0.49507461668670216,0.75468342191204596,0.94160202845997454,0.99757006470405352,2.8747298294379746,2.3095977926575273,1.5197360930956161,3,5,6,8
569,148,785,"{0,4,8,9}",0 4 8 9,4,yes,0.1155087725238108,0.49507461668670216,0.75468342191204596,0.94160202845997454,0.99757006470405352,2.8747298294379746,2.3095977926575273,1.5197360930956161,3,5,6,8
570,149,609,"{0,5,6,9}",0 5 6 9,4,yes,0.1155087725238108,0.49507461668670216,0.75468342191204596,0.94160202845997454,0.99757006470405352,2.8747298294379746,2.3095977926575273,1.5197360930956161,3,5,6,8
571,150,673,"{0,5,7,9}",0 5 7 9,4,yes,0.1155087725238108,0.49507461668670216,0.75468342191204596,0.94160202845997454,0.99757006470405352,2.8747298294379746,2.3095977926575273,1.5197360930956161,3,5,6,8
572,151,801,"{0,5,8,9}",0 5 8 9,4,yes,0.1155087725238108,0.49507461668670216,0.75468342191204596,0.94160202845997454,0.99757006470405352,2.8747298294379746,2.3095977926575273,1.5197360930956161,3,5,6,8
573,152,705,"{0,6,7,9}",0 6 7 9,4,yes,0.1155087725238108,0.49507461668670216,0.75468342191204596,0.94160202845997454,0.99757006470405352,2.8747298294379746,2.3095977926575273,1.5197360930956161,3,5,6,8
574,153,833,"{0,6,8,9}",0 6 8 9,4,yes,0.1155087725238108,0.49507461668670216,0.75468342191204596,0.94160202845997454,0.99757006470405352,2.8747298294379746,2.3095977926575273,1.5197360930956161,3,5,6,8
575,154,897,"{0,7,8,9}",0 7 8 9,4,yes,0.1155087725238108,0.49507461668670216,0.75468342191204596,0.94160202845997454,0.99757006470405352,2.8747298294379746,2.3095977926575273,1.5197360930956161,3,5,6,8
576,155,526,"{1,2,3,9}",1 2 3 9,4,yes,0.10961868579927198,0.49126584548027741,0.75359763910900834,0.94154964233779248,0.99757005095710638,2.8858290279731764,2.2929690897147825,1.5142552921204477,3,5,6,8
577,156,534,"{1,2,4,9}",1 2 4 9,4,yes,0.10961868579927198,0.49126584548027741,0.75359763910900834,0.94154964233779248,0.99757005095710638,2.8858290279731764,2.2929690897147825,1.5142552921204477,3,5,6,8
578,157,550,"{1,2,5,9}",1 2 5 9,4,yes,0.10961868579927198,0.49126584548027741,0.75359763910900834,0.94154964233779248,0.99757005095710638,2.8858290279731764,2.2929690897147825,1.5142552921204477,3,5,6,8
579,158,582,"{1,2,6,9}",1 2 6 9,4,yes,0.10961868579927198,0.49126584548027741,0.75359763910900834,0.94154964233779248,0.99757005095710638,2.8858290279731764,2.2929690897147825,1.5142552921204477,3,5,6,8
580,159,646,"{1,2,7,9}",1 2 7 9,4,yes,0.10961868579927198,0.49126584548027741,0.75359763910900834,0.94154964233779248,0.99757005095710638,2.8858290279731764,2.2929690897147825,1.5142552921204477,3,5,6,8
581,160,774,"{1,2,8,9}",1 2 8 9,4,yes,0.10961868579927198,0.49126584548027741,0.75359763910900834,0.94154964233779248,0.99757005095710638,2.8858290279731764,2.2929690897147825,1.5142552921204477,3,5,6,8
582,161,538,"{1,3,4,9}",1 3 4 9,4,yes,0.10961868579927198,0.49126584548027741,0.75359763910900834,0.94154964233779248,0.99757005095710638,2.8858290279731764,2.2929690897147825,1.5142552921204477,3,5,6,8
583,162,554,"{1,3,5,9}",1 3 5 9,4,yes,0.10961868579927198,0.49126584548027741,0.75359763910900834,0.94154964233779248,0.99757005095710638,2.8858290279731764,2.2929690897147825,1.5142552921204477,3,5,6,8
584,163,586,"{1,3,6,9}",1 3 6 9,4,yes,0.10961868579927198,0.49126584548027741,0.75359763910900834,0.94154964233779248,0.99757005095710638,2.8858290279731764,2.2929690897147825,1.5142552921204477,3,5,6,8
585,164,650,"{1,3,7,9}",1 3 7 9,4,yes,0.10961868579927198,0.49126584548027741,0.75359763910900834,0.94154964233779248,0.99757005095710638,2.8858290279731764,2.2929690897147825,1.5142552921204477,3,5,6,8
586,165,778,"{1,3,8,9}",1 3 8 9,4,yes,0.10961868579927198,0.49126584548027741,0.75359763910900834,0.94154964233779248,0.99757005095710638,2.8858290279731764,2.2929690897147825,1.5142552921204477,3,5,6,8
587,166,562,"{1,4,5,9}",1 4 5 9,4,yes,0.10961868579927198,0.49126584548027741,0.75359763910900834,0.94154964233779248,0.99757005095710638,2.8858290279731764,2.2929690897147825,1.5142552921204477,3,5,6,8
588,167,594,"{1,4,6,9}",1 4 6 9,4,yes,0.10961868579927198,0.49126584548027741,0.75359763910900834,0.94154964233779248,0.99757005095710638,2.8858290279731764,2.2929690897147825,1.5142552921204477,3,5,6,8
589,168,658,"{1,4,7,9}",1 4 7 9,4,yes,0.10961868579927198,0.49126584548027741,0.75359763910900834,0.94154964233779248,0.99757005095710638,2.8858290279731764,2.2929690897147825,1.5142552921204477,3,5,6,8
590,169,786,"{1,4,8,9}",1 4 8 9,4,yes,0.10961868579927198,0.49126584548027741,0.75359763910900834,0.94154964233779248,0.99757005095710638,2.8858290279731764,2.2929690897147825,1.5142552921204477,3,5,6,8
591,170,610,"{1,5,6,9}",1 5 6 9,4,yes,0.10961868579927198,0.49126584548027741,0.75359763910900834,0.94154964233779248,0.99757005095710638,2.8858290279731764,2.2929690897147825,1.5142552921204477,3,5,6,8
592,171,674,"{1,5,7,9}",1 5 7 9,4,yes,0.10961868579927198,0.49126584548027741,0.75359763910900834,0.94154964233779248,0.99757005095710638,2.8858290279731764,2.2929690897147825,1.5142552921204477,3,5,6,8
593,172,802,"{1,5,8,9}",1 5 8 9,4,yes,0.10961868579927198,0.49126584548027741,0.75359763910900834,0.94154964233779248,0.99757005095710638,2.8858290279731764,2.2929690897147825,1.5142552921204477,3,5,6,8
594,173,706,"{1,6,7,9}",1 6 7 9,4,yes,0.10961868579927198,0.49126584548027741,0.75359763910900834,0.94154964233779248,0.99757005095710638,2.8858290279731764,2.2929690897147825,1.5142552921204477,3,5,6,8
595,174,834,"{1,6,8,9}",1 6 8 9,4,yes,0.10961868579927198,0.49126584548027741,0.75359763910900834,0.94154964233779248,0.99757005095710638,2.8858290279731764,2.2929690897147825,1.5142552921204477,3,5,6,8
596,175,898,"{1,7,8,9}",1 7 8 9,4,yes,0.10961868579927198,0.49126584548027741,0.75359763910900834,0.94154964233779248,0.99757005095710638,2.8858290279731764,2.2929690897147825,1.5142552921204477,3,5,6,8
597,176,540,"{2,3,4,9}",2 3 4 9,4,yes,0.10961868579927198,0.49126584548027741,0.75359763910900834,0.94154964233779248,0.99757005095710638,2.8858290279731764,2.2929690897147825,1.5142552921204477,3,5,6,8
598,177,556,"{2,3,5,9}",2 3 5 9,4,yes,0.10961868579927198,0.49126584548027741,0.75359763910900834,0.94154964233779248,0.99757005095710638,2.8858290279731764,2.2929690897147825,1.5142552921204477,3,5,6,8
599,178,588,"{2,3,6,9}",2 3 6 9,4,yes,0.10961868579927198,0.49126584548027741,0.75359763910900834,0.94154964233779248,0.99757005095710638,2.8858290279731764,2.2929690897147825,1.5142552921204477,3,5,6,8
600,179,652,"{2,3,7,9}",2 3 7 9,4,yes,0.10961868579927198,0.49126584548027741,0.75359763910900834,0.94154964233779248,0.99757005095710638,2.8858290279731764,2.2929690897147825,1.5142552921204477,3,5,6,8
601,180,780,"{2,3,8,9}",2 3 8 9,4,yes,0.10961868579927198,0.49126584548027741,0.75359763910900834,0.94154964233779248,0.99757005095710638,2.8858290279731764,2.2929690897147825,1.5142552921204477,3,5,6,8
602,181,564,"{2,4,5,9}",2 4 5 9,4,yes,0.10961868579927198,0.49126584548027741,0.75359763910900834,0.94154964233779248,0.99757005095710638,2.8858290279731764,2.2929690897147825,1.5142552921204477,3,5,6,8
603,182,596,"{2,4,6,9}",2 4 6 9,4,yes,0.10961868579927198,0.49126584548027741,0.75359763910900834,0.94154964233779248,0.99757005095710638,2.8858290279731764,2.2929690897147825,1.5142552921204477,3,5,6,8
604,183,660,"{2,4,7,9}",2 4 7 9,4,yes,0.10961868579927198,0.49126584548027741,0.75359763910900834,0.94154964233779248,0.99757005095710638,2.8858290279731764,2.2929690897147825,1.5142552921204477,3,5,6,8
605,184,788,"{2,4,8,9}",2 4 8 9,4,yes,0.10961868579927198,0.49126584548027741,0.75359763910900834,0.94154964233779248,0.99757005095710638,2.8858290279731764,2.2929690897147825,1.5142552921204477,3,5,6,8
606,185,612,"{2,5,6,9}",2 5 6 9,4,yes,0.10961868579927198,0.49126584548027741,0.75359763910900834,0.94154964233779248,0.99757005095710638,2.8858290279731764,2.2929690897147825,1.5142552921204477,3,5,6,8
607,186,676,"{2,5,7,9}",2 5 7 9,4,yes,0.10961868579927198,0.49126584548027741,0.75359763910900834,0.94154964233779248,0.99757005095710638,2.8858290279731764,2.2929690897147825,1.5142552921204477,3,5,6,8
608,187,804,"{2,5,8,9}",2 5 8 9,4,yes,0.10961868579927198,0.49126584548027741,0.75359763910900834,0.94154964233779248,0.99757005095710638,2.8858290279731764,2.2929690897147825,1.5142552921204477,3,5,6,8
609,188,708,"{2,6,7,9}",2 6 7 9,4,yes,0.10961868579927198,0.49126584548027741,0.75359763910900834,0.94154964233779248,0.99757005095710638,2.8858290279731764,2.2929690897147825,1.5142552921204477,3,5,6,8
610,189,836,"{2,6,8,9}",2 6 8 9,4,yes,0.10961868579927198,0.49126584548027741,0.75359763910900834,0.94154964233779248,0.99757005095710638,2.8858290279731764,2.2929690897147825,1.5142552921204477,3,5,6,8
611,190,900,"{2,7,8,9}",2 7 8 9,4,yes,0.10961868579927198,0.49126584548027741,0.75359763910900834,0.94154964233779248,0.99757005095710638,2.8858290279731764,2.2929690897147825,1.5142552921204477,3,5,6,8
612,191,568,"{3,4,5,9}",3 4 5 9,4,yes,0.10961868579927198,0.49126584548027741,0.75359763910900834,0.94154964233779248,0.99757005095710638,2.8858290279731764,2.2929690897147825,1.5142552921204477,3,5,6,8
613,192,600,"{3,4,6,9}",3 4 6 9,4,yes,0.10961868579927198,0.49126584548027741,0.75359763910900834,0.94154964233779248,0.99757005095710638,2.8858290279731764,2.2929690897147825,1.5142552921204477,3,5,6,8
614,193,664,"{3,4,7,9}",3 4 7 9,4,yes,0.10961868579927198,0.49126584548027741,0.75359763910900834,0.94154964233779248,0.99757005095710638,2.8858290279731764,2.2929690897147825,1.5142552921204477,3,5,6,8
615,194,792,"{3,4,8,9}",3 4 8 9,4,yes,0.10961868579927198,0.49126584548027741,0.75359763910900834,0.94154964233779248,0.99757005095710638,2.8858290279731764,2.2929690897147825,1.5142552921204477,3,5,6,8
616,195,616,"{3,5,6,9}",3 5 6 9,4,yes,0.10961868579927198,0.49126584548027741,0.75359763910900834,0.94154964233779248,0.99757005095710638,2.8858290279731764,2.2929690897147825,1.5142552921204477,3,5,6,8
617,196,680,"{3,5,7,9}",3 5 7 9,4,yes,0.10961868579927198,0.49126584548027741,0.75359763910900834,0.94154964233779248,0.99757005095710638,2.8858290279731764,2.2929690897147825,1.5142552921204477,3,5,6,8
618,197,808,"{3,5,8,9}",3 5 8 9,4,yes,0.10961868579927198,0.49126584548027741,0.75359763910900834,0.94154964233779248,0.99757005095710638,2.8858290279731764,2.2929690897147825,1.5142552921204477,3,5,6,8
619,198,712,"{3,6,7,9}",3 6 7 9,4,yes,0.10961868579927198,0.49126584548027741,0.75359763910900834,0.94154964233779248,0.99757005095710638,2.8858290279731764,2.2929690897147825,1.5142552921204477,3,5,6,8
620,199,840,"{3,6,8,9}",3 6 8 9,4,yes,0.10961868579927198,0.49126584548027741,0.75359763910900834,0.94154964233779248,0.99757005095710638,2.8858290279731764,2.2929690897147825,1.5142552921204477,3,5,6,8
621,200,904,"{3,7,8,9}",3 7 8 9,4,yes,0.10961868579927198,0.49126584548027741,0.75359763910900834,0.94154964233779248,0.99757005095710638,2.8858290279731764,2.2929690897147825,1.5142552921204477,3,5,6,8
622,201,624,"{4,5,6,9}",4 5 6 9,4,yes,0.10961868579927198,0.49126584548027741,0.75359763910900834,0.94154964233779248,0.99757005095710638,2.8858290279731764,2.2929690897147825,1.5142552921204477,3,5,6,8
623,202,688,"{4,5,7,9}",4 5 7 9,4,yes,0.10961868579927198,0.49126584548027741,0.75359763910900834,0.94154964233779248,0.99757005095710638,2.8858290279731764,2.2929690897147825,1.5142552921204477,3,5,6,8
624,203,816,"{4,5,8,9}",4 5 8 9,4,yes,0.10961868579927198,0.49126584548027741,0.75359763910900834,0.94154964233779248,0.99757005095710638,2.8858290279731764,2.2929690897147825,1.5142552921204477,3,5,6,8
625,204,720,"{4,6,7,9}",4 6 7 9,4,yes,0.10961868579927198,0.49126584548027741,0.75359763910900834,0.94154964233779248,0.99757005095710638,2.8858290279731764,2.2929690897147825,1.5142552921204477,3,5,6,8
626,205,848,"{4,6,8,9}",4 6 8 9,4,yes,0.10961868579927198,0.49126584548027741,0.75359763910900834,0.94154964233779248,0.99757005095710638,2.8858290279731764,2.2929690897147825,1.5142552921204477,3,5,6,8
627,206,912,"{4,7,8,9}",4 7 8 9,4,yes,0.10961868579927198,0.49126584548027741,0.75359763910900834,0.94154964233779248,0.99757005095710638,2.8858290279731764,2.2929690897147825,1.5142552921204477,3,5,6,8
628,207,736,"{5,6,7,9}",5 6 7 9,4,yes,0.10961868579927198,0.49126584548027741,0.75359763910900834,0.94154964233779248,0.99757005095710638,2.8858290279731764,2.2929690897147825,1.5142552921204477,3,5,6,8
629,208,864,"{5,6,8,9}",5 6 8 9,4,yes,0.10961868579927198,0.49126584548027741,0.75359763910900834,0.94154964233779248,0.99757005095710638,2.8858290279731764,2.2929690897147825,1.5142552921204477,3,5,6,8
630,209,928,"{5,7,8,9}",5 7 8 9,4,yes,0.10961868579927198,0.49126584548027741,0.75359763910900834,0.94154964233779248,0.99757005095710638,2.8858290279731764,2.2929690897147825,1.5142552921204477,3,5,6,8
631,210,960,"{6,7,8,9}",6 7 8 9,4,yes,0.10961868579927198,0.49126584548027741,0.75359763910900834,0.94154964233779248,0.99757005095710638,2.8858290279731764,2.2929690897147825,1.5142552921204477,3,5,6,8
632,1,255,"{0,1,2,3,4,5,6,7}",0 1 2 3 4 5 6 7,8,no,0.01055034636754475,0.38045537006937008,0.75985376268090365,0.97397737996940159,0.99991444873104329,2.9679546354911395,1.1199449220446542,1.0582745022179521,3,4,5,6
633,2,383,"{0,1,2,3,4,5,6,8}",0 1 2 3 4 5 6 8,8,no,0.01055034636754475,0.38045537006937008,0.75985376268090365,0.97397737996940159,0.99991444873104329,2.9679546354911395,1.1199449220446542,1.0582745022179521,3,4,5,6
634,3,447,"{0,1,2,3,4,5,7,8}",0 1 2 3 4 5 7 8,8,no,0.01055034636754475,0.38045537006937008,0.75985376268090365,0.97397737996940159,0.99991444873104329,2.9679546354911395,1.1199449220446542,1.0582745022179521,3,4,5,6
635,4,479,"{0,1,2,3,4,6,7,8}",0 1 2 3 4 6 7 8,8,no,0.01055034636754475,0.38045537006937008,0.75985376268090365,0.97397737996940159,0.99991444873104329,2.9679546354911395,1.1199449220446542,1.0582745022179521,3,4,5,6
636,5,495,"{0,1,2,3,5,6,7,8}",0 1 2 3 5 6 7 8,8,no,0.01055034636754475,0.38045537006937008,0.75985376268090365,0.97397737996940159,0.99991444873104329,2.9679546354911395,1.1199449220446542,1.0582745022179521,3,4,5,6
637,6,503,"{0,1,2,4,5,6,7,8}",0 1 2 4 5 6 7 8,8,no,0.01055034636754475,0.38045537006937008,0.75985376268090365,0.97397737996940159,0.99991444873104329,2.9679546354911395,1.1199449220446542,1.0582745022179521,3,4,5,6
638,7,507,"{0,1,3,4,5,6,7,8}",0 1 3 4 5 6 7 8,8,no,0.01055034636754475,0.38045537006937008,0.75985376268090365,0.97397737996940159,0.99991444873104329,2.9679546354911395,1.1199449220446542,1.0582745022179521,3,4,5,6
639,8,509,"{0,2,3,4,5,6,7,8}",0 2 3 4 5 6 7 8,8,no,0.01055034636754475,0.38045537006937008,0.75985376268090365,0.97397737996940159,0.99991444873104329,2.9679546354911395,1.1199449220446542,1.0582745022179521,3,4,5,6
640,9,510,"{1,2,3,4,5,6,7,8}",1 2 3 4 5 6 7 8,8,no,0.01055034636754475,0.38045537006937008,0.75985376268090365,0.97397737996940159,0.99991444873104329,2.9679546354911395,1.1199449220446542,1.0582745022179521,3,4,5,6
641,127,527,"{0,1,2,3,9}",0 1 2 3 9,5,yes,0.065024359450082295,0.43613216310520675,0.72825800433044752,0.93845103022411969,0.99755938173083381,3.0246942603168763,2.1967914963786868,1.4821577164319211,3,5,6,8
642,128,535,"{0,1,2,4,9}",0 1 2 4 9,5,yes,0.065024359450082295,0.43613216310520675,0.72825800433044752,0.93845103022411969,0.99755938173083381,3.0246942603168763,2.1967914963786868,1.4821577164319211,3,5,6,8
643,129,551,"{0,1,2,5,9}",0 1 2 5 9,5,yes,0.065024359450082295,0.43613216310520675,0.72825800433044752,0.93845103022411969,0.99755938173083381,3.0246942603168763,2.1967914963786868,1.4821577164319211,3,5,6,8
644,130,583,"{0,1,2,6,9}",0 1 2 6 9,5,yes,0.065024359450082295,0.43613216310520675,0.72825800433044752,0.93845103022411969,0.99755938173083381,3.0246942603168763,2.1967914963786868,1.4821577164319211,3,5,6,8
645,131,647,"{0,1,2,7,9}",0 1 2 7 9,5,yes,0.065024359450082295,0.43613216310520675,0.72825800433044752,0.93845103022411969,0.99755938173083381,3.0246942603168763,2.1967914963786868,1.4821577164319211,3,5,6,8
646,132,775,"{0,1,2,8,9}",0 1 2 8 9,5,yes,0.065024359450082295,0.43613216310520675,0.72825800433044752,0.93845103022411969,0.99755938173083381,3.0246942603168763,2.1967914963786868,1.4821577164319211,3,5,6,8
647,133,539,"{0,1,3,4,9}",0 1 3 4 9,5,yes,0.065024359450082295,0.43613216310520675,0.72825800433044752,0.93845103022411969,0.99755938173083381,3.0246942603168763,2.1967914963786868,1.4821577164319211,3,5,6,8
648,134,555,"{0,1,3,5,9}",0 1 3 5 9,5,yes,0.065024359450082295,0.43613216310520675,0.72825800433044752,0.93845103022411969,0.99755938173083381,3.0246942603168763,2.1967914963786868,1.4821577164319211,3,5,6,8
649,135,587,"{0,1,3,6,9}",0 1 3 6 9,5,yes,0.065024359450082295,0.43613216310520675,0.72825800433044752,0.93845103022411969,0.99755938173083381,3.0246942603168763,2.1967914963786868,1.4821577164319211,3,5,6,8
650,136,651,"{0,1,3,7,9}",0 1 3 7 9,5,yes,0.065024359450082295,0.43613216310520675,0.72825800433044752,0.93845103022411969,0.99755938173083381,3.0246942603168763,2.1967914963786868,1.4821577164319211,3,5,6,8
651,137,779,"{0,1,3,8,9}",0 1 3 8 9,5,yes,0.065024359450082295,0.43613216310520675,0.72825800433044752,0.93845103022411969,0.99755938173083381,3.0246942603168763,2.1967914963786868,1.4821577164319211,3,5,6,8
652,138,563,"{0,1,4,5,9}",0 1 4 5 9,5,yes,0.065024359450082295,0.43613216310520675,0.72825800433044752,0.93845103022411969,0.99755938173083381,3.0246942603168763,2.1967914963786868,1.4821577164319211,3,5,6,8
653,139,595,"{0,1,4,6,9}",0 1 4 6 9,5,yes,0.065024359450082295,0.43613216310520675,0.72825800433044752,0.93845103022411969,0.99755938173083381,3.0246942603168763,2.1967914963786868,1.4821577164319211,3,5,6,8
654,140,659,"{0,1,4,7,9}",0 1 4 7 9,5,yes,0.065024359450082295,0.43613216310520675,0.72825800433044752,0.93845103022411969,0.99755938173083381,3.0246942603168763,2.1967914963786868,1.4821577164319211,3,5,6,8
655,141,787,"{0,1,4,8,9}",0 1 4 8 9,5,yes,0.065024359450082295,0.43613216310520675,0.72825800433044752,0.93845103022411969,0.99755938173083381,3.0246942603168763,2.1967914963786868,1.4821577164319211,3,5,6,8
656,142,611,"{0,1,5,6,9}",0 1 5 6 9,5,yes,0.065024359450082295,0.43613216310520675,0.72825800433044752,0.93845103022411969,0.99755938173083381,3.0246942603168763,2.1967914963786868,1.4821577164319211,3,5,6,8
657,143,675,"{0,1,5,7,9}",0 1 5 7 9,5,yes,0.065024359450082295,0.43613216310520675,0.72825800433044752,0.93845103022411969,0.99755938173083381,3.0246942603168763,2.1967914963786868,1.4821577164319211,3,5,6,8
658,144,803,"{0,1,5,8,9}",0 1 5 8 9,5,yes,0.065024359450082295,0.43613216310520675,0.72825800433044752,0.93845103022411969,0.99755938173083381,3.0246942603168763,2.1967914963786868,1.4821577164319211,3,5,6,8
659,145,707,"{0,1,6,7,9}",0 1 6 7 9,5,yes,0.065024359450082295,0.43613216310520675,0.72825800433044752,0.93845103022411969,0.99755938173083381,3.0246942603168763,2.1967914963786868,1.4821577164319211,3,5,6,8
660,146,835,"{0,1,6,8,9}",0 1 6 8 9,5,yes,0.065024359450082295,0.43613216310520675,0.72825800433044752,0.93845103022411969,0.99755938173083381,3.0246942603168763,2.1967914963786868,1.4821577164319211,3,5,6,8
661,147,899,"{0,1,7,8,9}",0 1 7 8 9,5,yes,0.065024359450082295,0.43613216310520675,0.72825800433044752,0.93845103022411969,0.99755938173083381,3.0246942603168763,2.1967914963786868,1.4821577164319211,3,5,6,8
662,148,541,"{0,2,3,4,9}",0 2 3 4 9,5,yes,0.065024359450082295,0.43613216310520675,0.72825800433044752,0.93845103022411969,0.99755938173083381,3.0246942603168763,2.1967914963786868,1.4821577164319211,3,5,6,8
663,149,557,"{0,2,3,5,9}",0 2 3 5 9,5,yes,0.065024359450082295,0.43613216310520675,0.72825800433044752,0.93845103022411969,0.99755938173083381,3.0246942603168763,2.1967914963786868,1.4821577164319211,3,5,6,8
664,150,589,"{0,2,3,6,9}",0 2 3 6 9,5,yes,0.065024359450082295,0.43613216310520675,0.72825800433044752,0.93845103022411969,0.99755938173083381,3.0246942603168763,2.1967914963786868,1.4821577164319211,3,5,6,8
665,151,653,"{0,2,3,7,9}",0 2 3 7 9,5,yes,0.065024359450082295,0.43613216310520675,0.72825800433044752,0.93845103022411969,0.99755938173083381,3.0246942603168763,2.1967914963786868,1.4821577164319211,3,5,6,8
666,152,781,"{0,2,3,8,9}",0 2 3 8 9,5,yes,0.065024359450082295,0.43613216310520675,0.72825800433044752,0.93845103022411969,0.99755938173083381,3.0246942603168763,2.1967914963786868,1.4821577164319211,3,5,6,8
667,153,565,"{0,2,4,5,9}",0 2 4 5 9,5,yes,0.065024359450082295,0.43613216310520675,0.72825800433044752,0.93845103022411969,0.99755938173083381,3.0246942603168763,2.1967914963786868,1.4821577164319211,3,5,6,8
668,154,597,"{0,2,4,6,9}",0 2 4 6 9,5,yes,0.065024359450082295,0.43613216310520675,0.72825800433044752,0.93845103022411969,0.99755938173083381,3.0246942603168763,2.1967914963786868,1.4821577164319211,3,5,6,8
669,155,661,"{0,2,4,7,9}",0 2 4 7 9,5,yes,0.065024359450082295,0.43613216310520675,0.72825800433044752,0.93845103022411969,0.99755938173083381,3.0246942603168763,2.1967914963786868,1.4821577164319211,3,5,6,8
670,156,789,"{0,2,4,8,9}",0 2 4 8 9,5,yes,0.065024359450082295,0.43613216310520675,0.72825800433044752,0.93845103022411969,0.99755938173083381,3.0246942603168763,2.1967914963786868,1.4821577164319211,3,5,6,8
671,157,613,"{0,2,5,6,9}",0 2 5 6 9,5,yes,0.065024359450082295,0.43613216310520675,0.72825800433044752,0.93845103022411969,0.99755938173083381,3.0246942603168763,2.1967914963786868,1.4821577164319211,3,5,6,8
672,158,677,"{0,2,5,7,9}",0 2 5 7 9,5,yes,0.065024359450082295,0.43613216310520675,0.72825800433044752,0.93845103022411969,0.99755938173083381,3.0246942603168763,2.1967914963786868,1.4821577164319211,3,5,6,8
673,159,805,"{0,2,5,8,9}",0 2 5 8 9,5,yes,0.065024359450082295,0.43613216310520675,0.72825800433044752,0.93845103022411969,0.99755938173083381,3.0246942603168763,2.1967914963786868,1.4821577164319211,3,5,6,8
674,160,709,"{0,2,6,7,9}",0 2 6 7 9,5,yes,0.065024359450082295,0.43613216310520675,0.72825800433044752,0.93845103022411969,0.99755938173083381,3.0246942603168763,2.1967914963786868,1.4821577164319211,3,5,6,8
675,161,837,"{0,2,6,8,9}",0 2 6 8 9,5,yes,0.065024359450082295,0.43613216310520675,0.72825800433044752,0.93845103022411969,0.99755938173083381,3.0246942603168763,2.1967914963786868,1.4821577164319211,3,5,6,8
676,162,901,"{0,2,7,8,9}",0 2 7 8 9,5,yes,0.065024359450082295,0.43613216310520675,0.72825800433044752,0.93845103022411969,0.99755938173083381,3.0246942603168763,2.1967914963786868,1.4821577164319211,3,5,6,8
677,163,569,"{0,3,4,5,9}",0 3 4 5 9,5,yes,0.065024359450082295,0.43613216310520675,0.72825800433044752,0.93845103022411969,0.99755938173083381,3.0246942603168763,2.1967914963786868,1.4821577164319211,3,5,6,8
678,164,601,"{0,3,4,6,9}",0 3 4 6 9,5,yes,0.065024359450082295,0.43613216310520675,0.72825800433044752,0.93845103022411969,0.99755938173083381,3.0246942603168763,2.1967914963786868,1.4821577164319211,3,5,6,8
679,165,665,"{0,3,4,7,9}",0 3 4 7 9,5,yes,0.065024359450082295,0.43613216310520675,0.72825800433044752,0.93845103022411969,0.99755938173083381,3.0246942603168763,2.1967914963786868,1.4821577164319211,3,5,6,8
680,166,793,"{0,3,4,8,9}",0 3 4 8 9,5,yes,0.065024359450082295,0.43613216310520675,0.72825800433044752,0.93845103022411969,0.99755938173083381,3.0246942603168763,2.1967914963786868,1.4821577164319211,3,5,6,8
681,167,617,"{0,3,5,6,9}",0 3 5 6 9,5,yes,0.065024359450082295,0.43613216310520675,0.72825800433044752,0.93845103022411969,0.99755938173083381,3.0246942603168763,2.1967914963786868,1.4821577164319211,3,5,6,8
682,168,681,"{0,3,5,7,9}",0 3 5 7 9,5,yes,0.065024359450082295,0.43613216310520675,0.72825800433044752,0.93845103022411969,0.99755938173083381,3.0246942603168763,2.1967914963786868,1.4821577164319211,3,5,6,8
683,169,809,"{0,3,5,8,9}",0 3 5 8 9,5,yes,0.065024359450082295,0.43613216310520675,0.72825800433044752,0.93845103022411969,0.99755938173083381,3.0246942603168763,2.1967914963786868,1.4821577164319211,3,5,6,8
684,170,713,"{0,3,6,7,9}",0 3 6 7 9,5,yes,0.065024359450082295,0.43613216310520675,0.72825800433044752,0.93845103022411969,0.99755938173083381,3.0246942603168763,2.1967914963786868,1.4821577164319211,3,5,6,8
685,171,841,"{0,3,6,8,9}",0 3 6 8 9,5,yes,0.065024359450082295,0.43613216310520675,0.72825800433044752,0.93845103022411969,0.99755938173083381,3.0246942603168763,2.1967914963786868,1.4821577164319211,3,5,6,8
686,172,905,"{0,3,7,8,9}",0 3 7 8 9,5,yes,0.065024359450082295,0.43613216310520675,0.72825800433044752,0.93845103022411969,0.99755938173083381,3.0246942603168763,2.1967914963786868,1.4821577164319211,3,5,6,8
687,173,625,"{0,4,5,6,9}",0 4 5 6 9,5,yes,0.065024359450082295,0.43613216310520675,0.72825800433044752,0.93845103022411969,0.99755938173083381,3.0246942603168763,2.1967914963786868,1.4821577164319211,3,5,6,8
688,174,689,"{0,4,5,7,9}",0 4 5 7 9,5,yes,0.065024359450082295,0.43613216310520675,0.72825800433044752,0.93845103022411969,0.99755938173083381,3.0246942603168763,2.1967914963786868,1.4821577164319211,3,5,6,8
689,175,817,"{0,4,5,8,9}",0 4 5 8 9,5,yes,0.065024359450082295,0.43613216310520675,0.72825800433044752,0.93845103022411969,0.99755938173083381,3.0246942603168763,2.1967914963786868,1.4821577164319211,3,5,6,8
690,176,721,"{0,4,6,7,9}",0 4 6 7 9,5,yes,0.065024359450082295,0.43613216310520675,0.72825800433044752,0.93845103022411969,0.99755938173083381,3.0246942603168763,2.1967914963786868,1.4821577164319211,3,5,6,8
691,177,849,"{0,4,6,8,9}",0 4 6 8 9,5,yes,0.065024359450082295,0.43613216310520675,0.72825800433044752,0.93845103022411969,0.99755938173083381,3.0246942603168763,2.1967914963786868,1.4821577164319211,3,5,6,8
692,178,913,"{0,4,7,8,9}",0 4 7 8 9,5,yes,0.065024359450082295,0.43613216310520675,0.72825800433044752,0.93845103022411969,0.99755938173083381,3.0246942603168763,2.1967914963786868,1.4821577164319211,3,5,6,8
693,179,737,"{0,5,6,7,9}",0 5 6 7 9,5,yes,0.065024359450082295,0.43613216310520675,0.72825800433044752,0.93845103022411969,0.99755938173083381,3.0246942603168763,2.1967914963786868,1.4821577164319211,3,5,6,8
694,180,865,"{0,5,6,8,9}",0 5 6 8 9,5,yes,0.065024359450082295,0.43613216310520675,0.72825800433044752,0.93845103022411969,0.99755938173083381,3.0246942603168763,2.1967914963786868,1.4821577164319211,3,5,6,8
695,181,929,"{0,5,7,8,9}",0 5 7 8 9,5,yes,0.065024359450082295,0.43613216310520675,0.72825800433044752,0.93845103022411969,0.99755938173083381,3.0246942603168763,2.1967914963786868,1.4821577164319211,3,5,6,8
696,182,961,"{0,6,7,8,9}",0 6 7 8 9,5,yes,0.065024359450082295,0.43613216310520675,0.72825800433044752,0.93845103022411969,0.99755938173083381,3.0246942603168763,2.1967914963786868,1.4821577164319211,3,5,6,8
697,183,542,"{1,2,3,4,9}",1 2 3 4 9,5,yes,0.061420681682343374,0.4326504699531884,0.72719430562998311,0.93839870804695513,0.99755936798390221,3.0331565855407527,2.184175808649222,1.4778957367315266,3,5,6,8
698,184,558,"{1,2,3,5,9}",1 2 3 5 9,5,yes,0.061420681682343374,0.4326504699531884,0.72719430562998311,0.93839870804695513,0.99755936798390221,3.0331565855407527,2.184175808649222,1.4778957367315266,3,5,6,8
699,185,590,"{1,2,3,6,9}",1 2 3 6 9,5,yes,0.061420681682343374,0.4326504699531884,0.72719430562998311,0.93839870804695513,0.99755936798390221,3.0331565855407527,2.184175808649222,1.4778957367315266,3,5,6,8
700,186,654,"{1,2,3,7,9}",1 2 3 7 9,5,yes,0.061420681682343374,0.4326504699531884,0.72719430562998311,0.93839870804695513,0.99755936798390221,3.0331565855407527,2.184175808649222,1.4778957367315266,3,5,6,8
701,187,782,"{1,2,3,8,9}",1 2 3 8 9,5,yes,0.061420681682343374,0.4326504699531884,0.72719430562998311,0.93839870804695513,0.99755936798390221,3.0331565855407527,2.184175808649222,1.4778957367315266,3,5,6,8
702,188,566,"{1,2,4,5,9}",1 2 4 5 9,5,yes,0.061420681682343374,0.4326504699531884,0.72719430562998311,0.93839870804695513,0.99755936798390221,3.0331565855407527,2.184175808649222,1.4778957367315266,3,5,6,8
703,189,598,"{1,2,4,6,9}",1 2 4 6 9,5,yes,0.061420681682343374,0.4326504699531884,0.72719430562998311,0.93839870804695513,0.99755936798390221,3.0331565855407527,2.184175808649222,1.4778957367315266,3,5,6,8
704,190,662,"{1,2,4,7,9}",1 2 4 7 9,5,yes,0.061420681682343374,0.4326504699531884,0.72719430562998311,0.93839870804695513,0.99755936798390221,3.0331565855407527,2.184175808649222,1.4778957367315266,3,5,6,8
705,191,790,"{1,2,4,8,9}",1 2 4 8 9,5,yes,0.061420681682343374,0.4326504699531884,0.72719430562998311,0.93839870804695513,0.99755936798390221,3.0331565855407527,2.184175808649222,1.4778957367315266,3,5,6,8
706,192,614,"{1,2,5,6,9}",1 2 5 6 9,5,yes,0.061420681682343374,0.4326504699531884,0.72719430562998311,0.93839870804695513,0.99755936798390221,3.0331565855407527,2.184175808649222,1.4778957367315266,3,5,6,8
707,193,678,"{1,2,5,7,9}",1 2 5 7 9,5,yes,0.061420681682343374,0.4326504699531884,0.72719430562998311,0.93839870804695513,0.99755936798390221,3.0331565855407527,2.184175808649222,1.4778957367315266,3,5,6,8
708,194,806,"{1,2,5,8,9}",1 2 5 8 9,5,yes,0.061420681682343374,0.4326504699531884,0.72719430562998311,0.93839870804695513,0.99755936798390221,3.0331565855407527,2.184175808649222,1.4778957367315266,3,5,6,8
709,195,710,"{1,2,6,7,9}",1 2 6 7 9,5,yes,0.061420681682343374,0.4326504699531884,0.72719430562998311,0.93839870804695513,0.99755936798390221,3.0331565855407527,2.184175808649222,1.4778957367315266,3,5,6,8
710,196,838,"{1,2,6,8,9}",1 2 6 8 9,5,yes,0.061420681682343374,0.4326504699531884,0.72719430562998311,0.93839870804695513,0.99755936798390221,3.0331565855407527,2.184175808649222,1.4778957367315266,3,5,6,8
711,197,902,"{1,2,7,8,9}",1 2 7 8 9,5,yes,0.061420681682343374,0.4326504699531884,0.72719430562998311,0.93839870804695513,0.99755936798390221,3.0331565855407527,2.184175808649222,1.4778957367315266,3,5,6,8
712,198,570,"{1,3,4,5,9}",1 3 4 5 9,5,yes,0.061420681682343374,0.4326504699531884,0.72719430562998311,0.93839870804695513,0.99755936798390221,3.0331565855407527,2.184175808649222,1.4778957367315266,3,5,6,8
713,199,602,"{1,3,4,6,9}",1 3 4 6 9,5,yes,0.061420681682343374,0.4326504699531884,0.72719430562998311,0.93839870804695513,0.99755936798390221,3.0331565855407527,2.184175808649222,1.4778957367315266,3,5,6,8
714,200,666,"{1,3,4,7,9}",1 3 4 7 9,5,yes,0.061420681682343374,0.4326504699531884,0.72719430562998311,0.93839870804695513,0.99755936798390221,3.0331565855407527,2.184175808649222,1.4778957367315266,3,5,6,8
715,201,794,"{1,3,4,8,9}",1 3 4 8 9,5,yes,0.061420681682343374,0.4326504699531884,0.72719430562998311,0.93839870804695513,0.99755936798390221,3.0331565855407527,2.184175808649222,1.4778957367315266,3,5,6,8
716,202,618,"{1,3,5,6,9}",1 3 5 6 9,5,yes,0.061420681682343374,0.4326504699531884,0.72719430562998311,0.93839870804695513,0.99755936798390221,3.0331565855407527,2.184175808649222,1.4778957367315266,3,5,6,8
717,203,682,"{1,3,5,7,9}",1 3 5 7 9,5,yes,0.061420681682343374,0.4326504699531884,0.72719430562998311,0.93839870804695513,0.99755936798390221,3.0331565855407527,2.184175808649222,1.4778957367315266,3,5,6,8
718,204,810,"{1,3,5,8,9}",1 3 5 8 9,5,yes,0.061420681682343374,0.4326504699531884,0.72719430562998311,0.93839870804695513,0.99755936798390221,3.0331565855407527,2.184175808649222,1.4778957367315266,3,5,6,8
719,205,714,"{1,3,6,7,9}",1 3 6 7 9,5,yes,0.061420681682343374,0.4326504699531884,0.72719430562998311,0.93839870804695513,0.99755936798390221,3.0331565855407527,2.184175808649222,1.4778957367315266,3,5,6,8
720,206,842,"{1,3,6,8,9}",1 3 6 8 9,5,yes,0.061420681682343374,0.4326504699531884,0.72719430562998311,0.93839870804695513,0.99755936798390221,3.0331565855407527,2.184175808649222,1.4778957367315266,3,5,6,8
721,207,906,"{1,3,7,8,9}",1 3 7 8 9,5,yes,0.061420681682343374,0.4326504699531884,0.72719430562998311,0.93839870804695513,0.99755936798390221,3.0331565855407527,2.184175808649222,1.4778957367315266,3,5,6,8
722,208,626,"{1,4,5,6,9}",1 4 5 6 9,5,yes,0.061420681682343374,0.4326504699531884,0.72719430562998311,0.93839870804695513,0.99755936798390221,3.0331565855407527,2.184175808649222,1.4778957367315266,3,5,6,8
723,209,690,"{1,4,5,7,9}",1 4 5 7 9,5,yes,0.061420681682343374,0.4326504699531884,0.72719430562998311,0.93839870804695513,0.99755936798390221,3.0331565855407527,2.184175808649222,1.4778957367315266,3,5,6,8
724,210,818,"{1,4,5,8,9}",1 4 5 8 9,5,yes,0.061420681682343374,0.4326504699531884,0.72719430562998311,0.93839870804695513,0.99755936798390221,3.0331565855407527,2.184175808649222,1.4778957367315266,3,5,6,8
725,211,722,"{1,4,6,7,9}",1 4 6 7 9,5,yes,0.061420681682343374,0.4326504699531884,0.72719430562998311,0.93839870804695513,0.99755936798390221,3.0331565855407527,2.184175808649222,1.4778957367315266,3,5,6,8
726,212,850,"{1,4,6,8,9}",1 4 6 8 9,5,yes,0.061420681682343374,0.4326504699531884,0.72719430562998311,0.93839870804695513,0.99755936798390221,3.0331565855407527,2.184175808649222,1.4778957367315266,3,5,6,8
727,213,914,"{1,4,7,8,9}",1 4 7 8 9,5,yes,0.061420681682343374,0.4326504699531884,0.72719430562998311,0.93839870804695513,0.99755936798390221,3.0331565855407527,2.184175808649222,1.4778957367315266,3,5,6,8
728,214,738,"{1,5,6,7,9}",1 5 6 7 9,5,yes,0.061420681682343374,0.4326504699531884,0.72719430562998311,0.93839870804695513,0.99755936798390221,3.0331565855407527,2.184175808649222,1.4778957367315266,3,5,6,8
729,215,866,"{1,5,6,8,9}",1 5 6 8 9,5,yes,0.061420681682343374,0.4326504699531884,0.72719430562998311,0.93839870804695513,0.99755936798390221,3.0331565855407527,2.184175808649222,1.4778957367315266,3,5,6,8
730,216,930,"{1,5,7,8,9}",1 5 7 8 9,5,yes,0.061420681682343374,0.4326504699531884,0.72719430562998311,0.93839870804695513,0.99755936798390221,3.0331565855407527,2.184175808649222,1.4778957367315266,3,5,6,8
731,217,962,"{1,6,7,8,9}",1 6 7 8 9,5,yes,0.061420681682343374,0.4326504699531884,0.72719430562998311,0.93839870804695513,0.99755936798390221,3.0331565855407527,2.184175808649222,1.4778957367315266,3,5,6,8
732,218,572,"{2,3,4,5,9}",2 3 4 5 9,5,yes,0.061420681682343374,0.4326504699531884,0.72719430562998311,0.93839870804695513,0.99755936798390221,3.0331565855407527,2.184175808649222,1.4778957367315266,3,5,6,8
733,219,604,"{2,3,4,6,9}",2 3 4 6 9,5,yes,0.061420681682343374,0.4326504699531884,0.72719430562998311,0.93839870804695513,0.99755936798390221,3.0331565855407527,2.184175808649222,1.4778957367315266,3,5,6,8
734,220,668,"{2,3,4,7,9}",2 3 4 7 9,5,yes,0.061420681682343374,0.4326504699531884,0.72719430562998311,0.93839870804695513,0.99755936798390221,3.0331565855407527,2.184175808649222,1.4778957367315266,3,5,6,8
735,221,796,"{2,3,4,8,9}",2 3 4 8 9,5,yes,0.061420681682343374,0.4326504699531884,0.72719430562998311,0.93839870804695513,0.99755936798390221,3.0331565855407527,2.184175808649222,1.4778957367315266,3,5,6,8
736,222,620,"{2,3,5,6,9}",2 3 5 6 9,5,yes,0.061420681682343374,0.4326504699531884,0.72719430562998311,0.93839870804695513,0.99755936798390221,3.0331565855407527,2.184175808649222,1.4778957367315266,3,5,6,8
737,223,684,"{2,3,5,7,9}",2 3 5 7 9,5,yes,0.061420681682343374,0.4326504699531884,0.72719430562998311,0.93839870804695513,0.99755936798390221,3.0331565855407527,2.184175808649222,1.4778957367315266,3,5,6,8
738,224,812,"{2,3,5,8,9}",2 3 5 8 9,5,yes,0.061420681682343374,0.4326504699531884,0.72719430562998311,0.93839870804695513,0.99755936798390221,3.0331565855407527,2.184175808649222,1.4778957367315266,3,5,6,8
739,225,716,"{2,3,6,7,9}",2 3 6 7 9,5,yes,0.061420681682343374,0.4326504699531884,0.72719430562998311,0.93839870804695513,0.99755936798390221,3.0331565855407527,2.184175808649222,1.4778957367315266,3,5,6,8
740,226,844,"{2,3,6,8,9}",2 3 6 8 9,5,yes,0.061420681682343374,0.4326504699531884,0.72719430562998311,0.93839870804695513,0.99755936798390221,3.0331565855407527,2.184175808649222,1.4778957367315266,3,5,6,8
741,227,908,"{2,3,7,8,9}",2 3 7 8 9,5,yes,0.061420681682343374,0.4326504699531884,0.72719430562998311,0.93839870804695513,0.99755936798390221,3.0331565855407527,2.184175808649222,1.4778957367315266,3,5,6,8
742,228,628,"{2,4,5,6,9}",2 4 5 6 9,5,yes,0.061420681682343374,0.4326504699531884,0.72719430562998311,0.93839870804695513,0.99755936798390221,3.0331565855407527,2.184175808649222,1.4778957367315266,3,5,6,8
743,229,692,"{2,4,5,7,9}",2 4 5 7 9,5,yes,0.061420681682343374,0.4326504699531884,0.72719430562998311,0.93839870804695513,0.99755936798390221,3.0331565855407527,2.184175808649222,1.4778957367315266,3,5,6,8
744,230,820,"{2,4,5,8,9}",2 4 5 8 9,5,yes,0.061420681682343374,0.4326504699531884,0.72719430562998311,0.93839870804695513,0.99755936798390221,3.0331565855407527,2.184175808649222,1.4778957367315266,3,5,6,8
745,231,724,"{2,4,6,7,9}",2 4 6 7 9,5,yes,0.061420681682343374,0.4326504699531884,0.72719430562998311,0.93839870804695513,0.99755936798390221,3.0331565855407527,2.184175808649222,1.4778957367315266,3,5,6,8
746,232,852,"{2,4,6,8,9}",2 4 6 8 9,5,yes,0.061420681682343374,0.4326504699531884,0.72719430562998311,0.93839870804695513,0.99755936798390221,3.0331565855407527,2.184175808649222,1.4778957367315266,3,5,6,8
747,233,916,"{2,4,7,8,9}",2 4 7 8 9,5,yes,0.061420681682343374,0.4326504699531884,0.72719430562998311,0.93839870804695513,0.99755936798390221,3.0331565855407527,2.184175808649222,1.4778957367315266,3,5,6,8
748,234,740,"{2,5,6,7,9}",2 5 6 7 9,5,yes,0.061420681682343374,0.4326504699531884,0.72719430562998311,0.93839870804695513,0.99755936798390221,3.0331565855407527,2.184175808649222,1.4778957367315266,3,5,6,8
749,235,868,"{2,5,6,8,9}",2 5 6 8 9,5,yes,0.061420681682343374,0.4326504699531884,0.72719430562998311,0.93839870804695513,0.99755936798390221,3.0331565855407527,2.184175808649222,1.4778957367315266,3,5,6,8
750,236,932,"{2,5,7,8,9}",2 5 7 8 9,5,yes,0.061420681682343374,0.4326504699531884,0.72719430562998311,0.93839870804695513,0.99755936798390221,3.0331565855407527,2.184175808649222,1.4778957367315266,3,5,6,8
751,237,964,"{2,6,7,8,9}",2 6 7 8 9,5,yes,0.061420681682343374,0.4326504699531884,0.72719430562998311,0.93839870804695513,0.99755936798390221,3.0331565855407527,2.184175808649222,1.4778957367315266,3,5,6,8
752,238,632,"{3,4,5,6,9}",3 4 5 6 9,5,yes,0.061420681682343374,0.4326504699531884,0.72719430562998311,0.93839870804695513,0.99755936798390221,3.0331565855407527,2.184175808649222,1.4778957367315266,3,5,6,8
753,239,696,"{3,4,5,7,9}",3 4 5 7 9,5,yes,0.061420681682343374,0.4326504699531884,0.72719430562998311,0.93839870804695513,0.99755936798390221,3.0331565855407527,2.184175808649222,1.4778957367315266,3,5,6,8
754,240,824,"{3,4,5,8,9}",3 4 5 8 9,5,yes,0.061420681682343374,0.4326504699531884,0.72719430562998311,0.93839870804695513,0.99755936798390221,3.0331565855407527,2.184175808649222,1.4778957367315266,3,5,6,8
755,241,728,"{3,4,6,7,9}",3 4 6 7 9,5,yes,0.061420681682343374,0.4326504699531884,0.72719430562998311,0.93839870804695513,0.99755936798390221,3.0331565855407527,2.184175808649222,1.4778957367315266,3,5,6,8
756,242,856,"{3,4,6,8,9}",3 4 6 8 9,5,yes,0.061420681682343374,0.4326504699531884,0.72719430562998311,0.93839870804695513,0.99755936798390221,3.0331565855407527,2.184175808649222,1.4778957367315266,3,5,6,8
757,243,920,"{3,4,7,8,9}",3 4 7 8 9,5,yes,0.061420681682343374,0.4326504699531884,0.72719430562998311,0.93839870804695513,0.99755936798390221,3.0331565855407527,2.184175808649222,1.4778957367315266,3,5,6,8
758,244,744,"{3,5,6,7,9}",3 5 6 7 9,5,yes,0.061420681682343374,0.4326504699531884,0.72719430562998311,0.93839870804695513,0.99755936798390221,3.0331565855407527,2.184175808649222,1.4778957367315266,3,5,6,8
759,245,872,"{3,5,6,8,9}",3 5 6 8 9,5,yes,0.061420681682343374,0.4326504699531884,0.72719430562998311,0.93839870804695513,0.99755936798390221,3.0331565855407527,2.184175808649222,1.4778957367315266,3,5,6,8
760,246,936,"{3,5,7,8,9}",3 5 7 8 9,5,yes,0.061420681682343374,0.4326504699531884,0.72719430562998311,0.93839870804695513,0.99755936798390221,3.0331565855407527,2.184175808649222,1.4778957367315266,3,5,6,8
761,247,968,"{3,6,7,8,9}",3 6 7 8 9,5,yes,0.061420681682343374,0.4326504699531884,0.72719430562998311,0.93839870804695513,0.99755936798390221,3.0331565855407527,2.184175808649222,1.4778957367315266,3,5,6,8
762,248,752,"{4,5,6,7,9}",4 5 6 7 9,5,yes,0.061420681682343374,0.4326504699531884,0.72719430562998311,0.93839870804695513,0.99755936798390221,3.0331565855407527,2.184175808649222,1.4778957367315266,3,5,6,8
763,249,880,"{4,5,6,8,9}",4 5 6 8 9,5,yes,0.061420681682343374,0.4326504699531884,0.72719430562998311,0.93839870804695513,0.99755936798390221,3.0331565855407527,2.184175808649222,1.4778957367315266,3,5,6,8
764,250,944,"{4,5,7,8,9}",4 5 7 8 9,5,yes,0.061420681682343374,0.4326504699531884,0.72719430562998311,0.93839870804695513,0.99755936798390221,3.0331565855407527,2.184175808649222,1.4778957367315266,3,5,6,8
765,251,976,"{4,6,7,8,9}",4 6 7 8 9,5,yes,0.061420681682343374,0.4326504699531884,0.72719430562998311,0.93839870804695513,0.99755936798390221,3.0331565855407527,2.184175808649222,1.4778957367315266,3,5,6,8
766,252,992,"{5,6,7,8,9}",5 6 7 8 9,5,yes,0.061420681682343374,0.4326504699531884,0.72719430562998311,0.93839870804695513,0.99755936798390221,3.0331565855407527,2.184175808649222,1.4778957367315266,3,5,6,8
767,1,511,"{0,1,2,3,4,5,6,7,8}",0 1 2 3 4 5 6 7 8,9,no,0.0034403303372447665,0.32962712031024161,0.73263931664835447,0.97074681400873664,0.99990375493311945,3.0676808804702298,1.1291490573798981,1.0626142561531433,3,4,5,6
768,85,543,"{0,1,2,3,4,9}",0 1 2 3 4 9,6,yes,0.033866366101933949,0.38231217958610908,0.70240978342489047,0.9353048938403391,0.99754869878220487,3.1495729240106494,2.1094739417783721,1.4524028166381295,3,5,6,8
769,86,559,"{0,1,2,3,5,9}",0 1 2 3 5 9,6,yes,0.033866366101933949,0.38231217958610908,0.70240978342489047,0.9353048938403391,0.99754869878220487,3.1495729240106494,2.1094739417783721,1.4524028166381295,3,5,6,8
770,87,591,"{0,1,2,3,6,9}",0 1 2 3 6 9,6,yes,0.033866366101933949,0.38231217958610908,0.70240978342489047,0.9353048938403391,0.99754869878220487,3.1495729240106494,2.1094739417783721,1.4524028166381295,3,5,6,8
771,88,655,"{0,1,2,3,7,9}",0 1 2 3 7 9,6,yes,0.033866366101933949,0.38231217958610908,0.70240978342489047,0.9353048938403391,0.99754869878220487,3.1495729240106494,2.1094739417783721,1.4524028166381295,3,5,6,8
772,89,783,"{0,1,2,3,8,9}",0 1 2 3 8 9,6,yes,0.033866366101933949,0.38231217958610908,0.70240978342489047,0.9353048938403391,0.99754869878220487,3.1495729240106494,2.1094739417783721,1.4524028166381295,3,5,6,8
773,90,567,"{0,1,2,4,5,9}",0 1 2 4 5 9,6,yes,0.033866366101933949,0.38231217958610908,0.70240978342489047,0.9353048938403391,0.99754869878220487,3.1495729240106494,2.1094739417783721,1.4524028166381295,3,5,6,8
774,91,599,"{0,1,2,4,6,9}",0 1 2 4 6 9,6,yes,0.033866366101933949,0.38231217958610908,0.70240978342489047,0.9353048938403391,0.99754869878220487,3.1495729240106494,2.1094739417783721,1.4524028166381295,3,5,6,8
775,92,663,"{0,1,2,4,7,9}",0 1 2 4 7 9,6,yes,0.033866366101933949,0.38231217958610908,0.70240978342489047,0.9353048938403391,0.99754869878220487,3.1495729240106494,2.1094739417783721,1.4524028166381295,3,5,6,8
776,93,791,"{0,1,2,4,8,9}",0 1 2 4 8 9,6,yes,0.033866366101933949,0.38231217958610908,0.70240978342489047,0.9353048938403391,0.99754869878220487,3.1495729240106494,2.1094739417783721,1.4524028166381295,3,5,6,8
777,94,615,"{0,1,2,5,6,9}",0 1 2 5 6 9,6,yes,0.033866366101933949,0.38231217958610908,0.70240978342489047,0.9353048938403391,0.99754869878220487,3.1495729240106494,2.1094739417783721,1.4524028166381295,3,5,6,8
778,95,679,"{0,1,2,5,7,9}",0 1 2 5 7 9,6,yes,0.033866366101933949,0.38231217958610908,0.70240978342489047,0.9353048938403391,0.99754869878220487,3.1495729240106494,2.1094739417783721,1.4524028166381295,3,5,6,8
779,96,807,"{0,1,2,5,8,9}",0 1 2 5 8 9,6,yes,0.033866366101933949,0.38231217958610908,0.70240978342489047,0.9353048938403391,0.99754869878220487,3.1495729240106494,2.1094739417783721,1.4524028166381295,3,5,6,8
780,97,711,"{0,1,2,6,7,9}",0 1 2 6 7 9,6,yes,0.033866366101933949,0.38231217958610908,0.70240978342489047,0.9353048938403391,0.99754869878220487,3.1495729240106494,2.1094739417783721,1.4524028166381295,3,5,6,8
781,98,839,"{0,1,2,6,8,9}",0 1 2 6 8 9,6,yes,0.033866366101933949,0.38231217958610908,0.70240978342489047,0.9353048938403391,0.99754869878220487,3.1495729240106494,2.1094739417783721,1.4524028166381295,3,5,6,8
782,99,903,"{0,1,2,7,8,9}",0 1 2 7 8 9,6,yes,0.033866366101933949,0.38231217958610908,0.70240978342489047,0.9353048938403391,0.99754869878220487,3.1495729240106494,2.1094739417783721,1.4524028166381295,3,5,6,8
783,100,571,"{0,1,3,4,5,9}",0 1 3 4 5 9,6,yes,0.033866366101933949,0.38231217958610908,0.70240978342489047,0.9353048938403391,0.99754869878220487,3.1495729240106494,2.1094739417783721,1.4524028166381295,3,5,6,8
784,101,603,"{0,1,3,4,6,9}",0 1 3 4 6 9,6,yes,0.033866366101933949,0.38231217958610908,0.70240978342489047,0.9353048938403391,0.99754869878220487,3.1495729240106494,2.1094739417783721,1.4524028166381295,3,5,6,8
785,102,667,"{0,1,3,4,7,9}",0 1 3 4 7 9,6,yes,0.033866366101933949,0.38231217958610908,0.70240978342489047,0.9353048938403391,0.99754869878220487,3.1495729240106494,2.1094739417783721,1.4524028166381295,3,5,6,8
786,103,795,"{0,1,3,4,8,9}",0 1 3 4 8 9,6,yes,0.033866366101933949,0.38231217958610908,0.70240978342489047,0.9353048938403391,0.99754869878220487,3.1495729240106494,2.1094739417783721,1.4524028166381295,3,5,6,8
787,104,619,"{0,1,3,5,6,9}",0 1 3 5 6 9,6,yes,0.033866366101933949,0.38231217958610908,0.70240978342489047,0.9353048938403391,0.99754869878220487,3.1495729240106494,2.1094739417783721,1.4524028166381295,3,5,6,8
788,105,683,"{0,1,3,5,7,9}",0 1 3 5 7 9,6,yes,0.033866366101933949,0.38231217958610908,0.70240978342489047,0.9353048938403391,0.99754869878220487,3.1495729240106494,2.1094739417783721,1.4524028166381295,3,5,6,8
789,106,811,"{0,1,3,5,8,9}",0 1 3 5 8 9,6,yes,0.033866366101933949,0.38231217958610908,0.70240978342489047,0.9353048938403391,0.99754869878220487,3.1495729240106494,2.1094739417783721,1.4524028166381295,3,5,6,8
790,107,715,"{0,1,3,6,7,9}",0 1 3 6 7 9,6,yes,0.033866366101933949,0.38231217958610908,0.70240978342489047,0.9353048938403391,0.99754869878220487,3.1495729240106494,2.1094739417783721,1.4524028166381295,3,5,6,8
791,108,843,"{0,1,3,6,8,9}",0 1 3 6 8 9,6,yes,0.033866366101933949,0.38231217958610908,0.70240978342489047,0.9353048938403391,0.99754869878220487,3.1495729240106494,2.1094739417783721,1.4524028166381295,3,5,6,8
792,109,907,"{0,1,3,7,8,9}",0 1 3 7 8 9,6,yes,0.033866366101933949,0.38231217958610908,0.70240978342489047,0.9353048938403391,0.99754869878220487,3.1495729240106494,2.1094739417783721,1.4524028166381295,3,5,6,8
793,110,627,"{0,1,4,5,6,9}",0 1 4 5 6 9,6,yes,0.033866366101933949,0.38231217958610908,0.70240978342489047,0.9353048938403391,0.99754869878220487,3.1495729240106494,2.1094739417783721,1.4524028166381295,3,5,6,8
794,111,691,"{0,1,4,5,7,9}",0 1 4 5 7 9,6,yes,0.033866366101933949,0.38231217958610908,0.70240978342489047,0.9353048938403391,0.99754869878220487,3.1495729240106494,2.1094739417783721,1.4524028166381295,3,5,6,8
795,112,819,"{0,1,4,5,8,9}",0 1 4 5 8 9,6,yes,0.033866366101933949,0.38231217958610908,0.70240978342489047,0.9353048938403391,0.99754869878220487,3.1495729240106494,2.1094739417783721,1.4524028166381295,3,5,6,8
796,113,723,"{0,1,4,6,7,9}",0 1 4 6 7 9,6,yes,0.033866366101933949,0.38231217958610908,0.70240978342489047,0.9353048938403391,0.99754869878220487,3.1495729240106494,2.1094739417783721,1.4524028166381295,3,5,6,8
797,114,851,"{0,1,4,6,8,9}",0 1 4 6 8 9,6,yes,0.033866366101933949,0.38231217958610908,0.70240978342489047,0.9353048938403391,0.99754869878220487,3.1495729240106494,2.1094739417783721,1.4524028166381295,3,5,6,8
798,115,915,"{0,1,4,7,8,9}",0 1 4 7 8 9,6,yes,0.033866366101933949,0.38231217958610908,0.70240978342489047,0.9353048938403391,0.99754869878220487,3.1495729240106494,2.1094739417783721,1.4524028166381295,3,5,6,8
799,116,739,"{0,1,5,6,7,9}",0 1 5 6 7 9,6,yes,0.033866366101933949,0.38231217958610908,0.70240978342489047,0.9353048938403391,0.99754869878220487,3.1495729240106494,2.1094739417783721,1.4524028166381295,3,5,6,8
800,117,867,"{0,1,5,6,8,9}",0 1 5 6 8 9,6,yes,0.033866366101933949,0.38231217958610908,0.70240978342489047,0.9353048938403391,0.99754869878220487,3.1495729240106494,2.1094739417783721,1.4524028166381295,3,5,6,8
801,118,931,"{0,1,5,7,8,9}",0 1 5 7 8 9,6,yes,0.033866366101933949,0.38231217958610908,0.70240978342489047,0.9353048938403391,0.99754869878220487,3.1495729240106494,2.1094739417783721,1.4524028166381295,3,5,6,8
802,119,963,"{0,1,6,7,8,9}",0 1 6 7 8 9,6,yes,0.033866366101933949,0.38231217958610908,0.70240978342489047,0.9353048938403391,0.99754869878220487,3.1495729240106494,2.1094739417783721,1.4524028166381295,3,5,6,8
803,120,573,"{0,2,3,4,5,9}",0 2 3 4 5 9,6,yes,0.033866366101933949,0.38231217958610908,0.70240978342489047,0.9353048938403391,0.99754869878220487,3.1495729240106494,2.1094739417783721,1.4524028166381295,3,5,6,8
804,121,605,"{0,2,3,4,6,9}",0 2 3 4 6 9,6,yes,0.033866366101933949,0.38231217958610908,0.70240978342489047,0.9353048938403391,0.99754869878220487,3.1495729240106494,2.1094739417783721,1.4524028166381295,3,5,6,8
805,122,669,"{0,2,3,4,7,9}",0 2 3 4 7 9,6,yes,0.033866366101933949,0.38231217958610908,0.70240978342489047,0.9353048938403391,0.99754869878220487,3.1495729240106494,2.1094739417783721,1.4524028166381295,3,5,6,8
806,123,797,"{0,2,3,4,8,9}",0 2 3 4 8 9,6,yes,0.033866366101933949,0.38231217958610908,0.70240978342489047,0.9353048938403391,0.99754869878220487,3.1495729240106494,2.1094739417783721,1.4524028166381295,3,5,6,8
807,124,621,"{0,2,3,5,6,9}",0 2 3 5 6 9,6,yes,0.033866366101933949,0.38231217958610908,0.70240978342489047,0.9353048938403391,0.99754869878220487,3.1495729240106494,2.1094739417783721,1.4524028166381295,3,5,6,8
808,125,685,"{0,2,3,5,7,9}",0 2 3 5 7 9,6,yes,0.033866366101933949,0.38231217958610908,0.70240978342489047,0.9353048938403391,0.99754869878220487,3.1495729240106494,2.1094739417783721,1.4524028166381295,3,5,6,8
809,126,813,"{0,2,3,5,8,9}",0 2 3 5 8 9,6,yes,0.033866366101933949,0.38231217958610908,0.70240978342489047,0.9353048938403391,0.99754869878220487,3.1495729240106494,2.1094739417783721,1.4524028166381295,3,5,6,8
810,127,717,"{0,2,3,6,7,9}",0 2 3 6 7 9,6,yes,0.033866366101933949,0.38231217958610908,0.70240978342489047,0.9353048938403391,0.99754869878220487,3.1495729240106494,2.1094739417783721,1.4524028166381295,3,5,6,8
811,128,845,"{0,2,3,6,8,9}",0 2 3 6 8 9,6,yes,0.033866366101933949,0.38231217958610908,0.70240978342489047,0.9353048938403391,0.99754869878220487,3.1495729240106494,2.1094739417783721,1.4524028166381295,3,5,6,8
812,129,909,"{0,2,3,7,8,9}",0 2 3 7 8 9,6,yes,0.033866366101933949,0.38231217958610908,0.70240978342489047,0.9353048938403391,0.99754869878220487,3.1495729240106494,2.1094739417783721,1.4524028166381295,3,5,6,8
813,130,629,"{0,2,4,5,6,9}",0 2 4 5 6 9,6,yes,0.033866366101933949,0.38231217958610908,0.70240978342489047,0.9353048938403391,0.99754869878220487,3.1495729240106494,2.1094739417783721,1.4524028166381295,3,5,6,8
814,131,693,"{0,2,4,5,7,9}",0 2 4 5 7 9,6,yes,0.033866366101933949,0.38231217958610908,0.70240978342489047,0.9353048938403391,0.99754869878220487,3.1495729240106494,2.1094739417783721,1.4524028166381295,3,5,6,8
815,132,821,"{0,2,4,5,8,9}",0 2 4 5 8 9,6,yes,0.033866366101933949,0.38231217958610908,0.70240978342489047,0.9353048938403391,0.99754869878220487,3.1495729240106494,2.1094739417783721,1.4524028166381295,3,5,6,8
816,133,725,"{0,2,4,6,7,9}",0 2 4 6 7 9,6,yes,0.033866366101933949,0.38231217958610908,0.70240978342489047,0.9353048938403391,0.99754869878220487,3.1495729240106494,2.1094739417783721,1.4524028166381295,3,5,6,8
817,134,853,"{0,2,4,6,8,9}",0 2 4 6 8 9,6,yes,0.033866366101933949,0.38231217958610908,0.70240978342489047,0.9353048938403391,0.99754869878220487,3.1495729240106494,2.1094739417783721,1.4524028166381295,3,5,6,8
818,135,917,"{0,2,4,7,8,9}",0 2 4 7 8 9,6,yes,0.033866366101933949,0.38231217958610908,0.70240978342489047,0.9353048938403391,0.99754869878220487,3.1495729240106494,2.1094739417783721,1.4524028166381295,3,5,6,8
819,136,741,"{0,2,5,6,7,9}",0 2 5 6 7 9,6,yes,0.033866366101933949,0.38231217958610908,0.70240978342489047,0.9353048938403391,0.99754869878220487,3.1495729240106494,2.1094739417783721,1.4524028166381295,3,5,6,8
820,137,869,"{0,2,5,6,8,9}",0 2 5 6 8 9,6,yes,0.033866366101933949,0.38231217958610908,0.70240978342489047,0.9353048938403391,0.99754869878220487,3.1495729240106494,2.1094739417783721,1.4524028166381295,3,5,6,8
821,138,933,"{0,2,5,7,8,9}",0 2 5 7 8 9,6,yes,0.033866366101933949,0.38231217958610908,0.70240978342489047,0.9353048938403391,0.99754869878220487,3.1495729240106494,2.1094739417783721,1.4524028166381295,3,5,6,8
822,139,965,"{0,2,6,7,8,9}",0 2 6 7 8 9,6,yes,0.033866366101933949,0.38231217958610908,0.70240978342489047,0.9353048938403391,0.99754869878220487,3.1495729240106494,2.1094739417783721,1.4524028166381295,3,5,6,8
823,140,633,"{0,3,4,5,6,9}",0 3 4 5 6 9,6,yes,0.033866366101933949,0.38231217958610908,0.70240978342489047,0.9353048938403391,0.99754869878220487,3.1495729240106494,2.1094739417783721,1.4524028166381295,3,5,6,8
824,141,697,"{0,3,4,5,7,9}",0 3 4 5 7 9,6,yes,0.033866366101933949,0.38231217958610908,0.70240978342489047,0.9353048938403391,0.99754869878220487,3.1495729240106494,2.1094739417783721,1.4524028166381295,3,5,6,8
825,142,825,"{0,3,4,5,8,9}",0 3 4 5 8 9,6,yes,0.033866366101933949,0.38231217958610908,0.70240978342489047,0.9353048938403391,0.99754869878220487,3.1495729240106494,2.1094739417783721,1.4524028166381295,3,5,6,8
826,143,729,"{0,3,4,6,7,9}",0 3 4 6 7 9,6,yes,0.033866366101933949,0.38231217958610908,0.70240978342489047,0.9353048938403391,0.99754869878220487,3.1495729240106494,2.1094739417783721,1.4524028166381295,3,5,6,8
827,144,857,"{0,3,4,6,8,9}",0 3 4 6 8 9,6,yes,0.033866366101933949,0.38231217958610908,0.70240978342489047,0.9353048938403391,0.99754869878220487,3.1495729240106494,2.1094739417783721,1.4524028166381295,3,5,6,8
828,145,921,"{0,3,4,7,8,9}",0 3 4 7 8 9,6,yes,0.033866366101933949,0.38231217958610908,0.70240978342489047,0.9353048938403391,0.99754869878220487,3.1495729240106494,2.1094739417783721,1.4524028166381295,3,5,6,8
829,146,745,"{0,3,5,6,7,9}",0 3 5 6 7 9,6,yes,0.033866366101933949,0.38231217958610908,0.70240978342489047,0.9353048938403391,0.99754869878220487,3.1495729240106494,2.1094739417783721,1.4524028166381295,3,5,6,8
830,147,873,"{0,3,5,6,8,9}",0 3 5 6 8 9,6,yes,0.033866366101933949,0.38231217958610908,0.70240978342489047,0.9353048938403391,0.99754869878220487,3.1495729240106494,2.1094739417783721,1.4524028166381295,3,5,6,8
831,148,937,"{0,3,5,7,8,9}",0 3 5 7 8 9,6,yes,0.033866366101933949,0.38231217958610908,0.70240978342489047,0.9353048938403391,0.99754869878220487,3.1495729240106494,2.1094739417783721,1.4524028166381295,3,5,6,8
832,149,969,"{0,3,6,7,8,9}",0 3 6 7 8 9,6,yes,0.033866366101933949,0.38231217958610908,0.70240978342489047,0.9353048938403391,0.99754869878220487,3.1495729240106494,2.1094739417783721,1.4524028166381295,3,5,6,8
833,150,753,"{0,4,5,6,7,9}",0 4 5 6 7 9,6,yes,0.033866366101933949,0.38231217958610908,0.70240978342489047,0.9353048938403391,0.99754869878220487,3.1495729240106494,2.1094739417783721,1.4524028166381295,3,5,6,8
834,151,881,"{0,4,5,6,8,9}",0 4 5 6 8 9,6,yes,0.033866366101933949,0.38231217958610908,0.70240978342489047,0.9353048938403391,0.99754869878220487,3.1495729240106494,2.1094739417783721,1.4524028166381295,3,5,6,8
835,152,945,"{0,4,5,7,8,9}",0 4 5 7 8 9,6,yes,0.033866366101933949,0.38231217958610908,0.70240978342489047,0.9353048938403391,0.99754869878220487,3.1495729240106494,2.1094739417783721,1.4524028166381295,3,5,6,8
836,153,977,"{0,4,6,7,8,9}",0 4 6 7 8 9,6,yes,0.033866366101933949,0.38231217958610908,0.70240978342489047,0.9353048938403391,0.99754869878220487,3.1495729240106494,2.1094739417783721,1.4524028166381295,3,5,6,8
837,154,993,"{0,5,6,7,8,9}",0 5 6 7 8 9,6,yes,0.033866366101933949,0.38231217958610908,0.70240978342489047,0.9353048938403391,0.99754869878220487,3.1495729240106494,2.1094739417783721,1.4524028166381295,3,5,6,8
838,155,574,"{1,2,3,4,5,9}",1 2 3 4 5 9,6,yes,0.031810222641251031,0.37913959193116098,0.70136794240072942,0.93525263558374316,0.99754868503528882,3.1561554520159003,2.1002611511359373,1.4492277775201305,3,5,6,8
839,156,606,"{1,2,3,4,6,9}",1 2 3 4 6 9,6,yes,0.031810222641251031,0.37913959193116098,0.70136794240072942,0.93525263558374316,0.99754868503528882,3.1561554520159003,2.1002611511359373,1.4492277775201305,3,5,6,8
840,157,670,"{1,2,3,4,7,9}",1 2 3 4 7 9,6,yes,0.031810222641251031,0.37913959193116098,0.70136794240072942,0.93525263558374316,0.99754868503528882,3.1561554520159003,2.1002611511359373,1.4492277775201305,3,5,6,8
841,158,798,"{1,2,3,4,8,9}",1 2 3 4 8 9,6,yes,0.031810222641251031,0.37913959193116098,0.70136794240072942,0.93525263558374316,0.99754868503528882,3.1561554520159003,2.1002611511359373,1.4492277775201305,3,5,6,8
842,159,622,"{1,2,3,5,6,9}",1 2 3 5 6 9,6,yes,0.031810222641251031,0.37913959193116098,0.70136794240072942,0.93525263558374316,0.99754868503528882,3.1561554520159003,2.1002611511359373,1.4492277775201305,3,5,6,8
843,160,686,"{1,2,3,5,7,9}",1 2 3 5 7 9,6,yes,0.031810222641251031,0.37913959193116098,0.70136794240072942,0.93525263558374316,0.99754868503528882,3.1561554520159003,2.1002611511359373,1.4492277775201305,3,5,6,8
844,161,814,"{1,2,3,5,8,9}",1 2 3 5 8 9,6,yes,0.031810222641251031,0.37913959193116098,0.70136794240072942,0.93525263558374316,0.99754868503528882,3.1561554520159003,2.1002611511359373,1.4492277775201305,3,5,6,8
845,162,718,"{1,2,3,6,7,9}",1 2 3 6 7 9,6,yes,0.031810222641251031,0.37913959193116098,0.70136794240072942,0.93525263558374316,0.99754868503528882,3.1561554520159003,2.1002611511359373,1.4492277775201305,3,5,6,8
846,163,846,"{1,2,3,6,8,9}",1 2 3 6 8 9,6,yes,0.031810222641251031,0.37913959193116098,0.70136794240072942,0.93525263558374316,0.99754868503528882,3.1561554520159003,2.1002611511359373,1.4492277775201305,3,5,6,8
847,164,910,"{1,2,3,7,8,9}",1 2 3 7 8 9,6,yes,0.031810222641251031,0.37913959193116098,0.70136794240072942,0.93525263558374316,0.99754868503528882,3.1561554520159003,2.1002611511359373,1.4492277775201305,3,5,6,8
848,165,630,"{1,2,4,5,6,9}",1 2 4 5 6 9,6,yes,0.031810222641251031,0.37913959193116098,0.70136794240072942,0.93525263558374316,0.99754868503528882,3.1561554520159003,2.1002611511359373,1.4492277775201305,3,5,6,8
849,166,694,"{1,2,4,5,7,9}",1 2 4 5 7 9,6,yes,0.031810222641251031,0.37913959193116098,0.70136794240072942,0.93525263558374316,0.99754868503528882,3.1561554520159003,2.1002611511359373,1.4492277775201305,3,5,6,8
850,167,822,"{1,2,4,5,8,9}",1 2 4 5 8 9,6,yes,0.031810222641251031,0.37913959193116098,0.70136794240072942,0.93525263558374316,0.99754868503528882,3.1561554520159003,2.1002611511359373,1.4492277775201305,3,5,6,8
851,168,726,"{1,2,4,6,7,9}",1 2 4 6 7 9,6,yes,0.031810222641251031,0.37913959193116098,0.70136794240072942,0.93525263558374316,0.99754868503528882,3.1561554520159003,2.1002611511359373,1.4492277775201305,3,5,6,8
852,169,854,"{1,2,4,6,8,9}",1 2 4 6 8 9,6,yes,0.031810222641251031,0.37913959193116098,0.70136794240072942,0.93525263558374316,0.99754868503528882,3.1561554520159003,2.1002611511359373,1.4492277775201305,3,5,6,8
853,170,918,"{1,2,4,7,8,9}",1 2 4 7 8 9,6,yes,0.031810222641251031,0.37913959193116098,0.70136794240072942,0.93525263558374316,0.99754868503528882,3.1561554520159003,2.1002611511359373,1.4492277775201305,3,5,6,8
854,171,742,"{1,2,5,6,7,9}",1 2 5 6 7 9,6,yes,0.031810222641251031,0.37913959193116098,0.70136794240072942,0.93525263558374316,0.99754868503528882,3.1561554520159003,2.1002611511359373,1.4492277775201305,3,5,6,8
855,172,870,"{1,2,5,6,8,9}",1 2 5 6 8 9,6,yes,0.031810222641251031,0.37913959193116098,0.70136794240072942,0.93525263558374316,0.99754868503528882,3.1561554520159003,2.1002611511359373,1.4492277775201305,3,5,6,8
856,173,934,"{1,2,5,7,8,9}",1 2 5 7 8 9,6,yes,0.031810222641251031,0.37913959193116098,0.70136794240072942,0.93525263558374316,0.99754868503528882,3.1561554520159003,2.1002611511359373,1.4492277775201305,3,5,6,8
857,174,966,"{1,2,6,7,8,9}",1 2 6 7 8 9,6,yes,0.031810222641251031,0.37913959193116098,0.70136794240072942,0.93525263558374316,0.99754868503528882,3.1561554520159003,2.1002611511359373,1.4492277775201305,3,5,6,8
858,175,634,"{1,3,4,5,6,9}",1 3 4 5 6 9,6,yes,0.031810222641251031,0.37913959193116098,0.70136794240072942,0.93525263558374316,0.99754868503528882,3.1561554520159003,2.1002611511359373,1.4492277775201305,3,5,6,8
859,176,698,"{1,3,4,5,7,9}",1 3 4 5 7 9,6,yes,0.031810222641251031,0.37913959193116098,0.70136794240072942,0.93525263558374316,0.99754868503528882,3.1561554520159003,2.1002611511359373,1.4492277775201305,3,5,6,8
860,177,826,"{1,3,4,5,8,9}",1 3 4 5 8 9,6,yes,0.031810222641251031,0.37913959193116098,0.70136794240072942,0.93525263558374316,0.99754868503528882,3.1561554520159003,2.1002611511359373,1.4492277775201305,3,5,6,8
861,178,730,"{1,3,4,6,7,9}",1 3 4 6 7 9,6,yes,0.031810222641251031,0.37913959193116098,0.70136794240072942,0.93525263558374316,0.99754868503528882,3.1561554520159003,2.1002611511359373,1.4492277775201305,3,5,6,8
862,179,858,"{1,3,4,6,8,9}",1 3 4 6 8 9,6,yes,0.031810222641251031,0.37913959193116098,0.70136794240072942,0.93525263558374316,0.99754868503528882,3.1561554520159003,2.1002611511359373,1.4492277775201305,3,5,6,8
863,180,922,"{1,3,4,7,8,9}",1 3 4 7 8 9,6,yes,0.031810222641251031,0.37913959193116098,0.70136794240072942,0.93525263558374316,0.99754868503528882,3.1561554520159003,2.1002611511359373,1.4492277775201305,3,5,6,8
864,181,746,"{1,3,5,6,7,9}",1 3 5 6 7 9,6,yes,0.031810222641251031,0.37913959193116098,0.70136794240072942,0.93525263558374316,0.99754868503528882,3.1561554520159003,2.1002611511359373,1.4492277775201305,3,5,6,8
865,182,874,"{1,3,5,6,8,9}",1 3 5 6 8 9,6,yes,0.031810222641251031,0.37913959193116098,0.70136794240072942,0.93525263558374316,0.99754868503528882,3.1561554520159003,2.1002611511359373,1.4492277775201305,3,5,6,8
866,183,938,"{1,3,5,7,8,9}",1 3 5 7 8 9,6,yes,0.031810222641251031,0.37913959193116098,0.70136794240072942,0.93525263558374316,0.99754868503528882,3.1561554520159003,2.1002611511359373,1.4492277775201305,3,5,6,8
867,184,970,"{1,3,6,7,8,9}",1 3 6 7 8 9,6,yes,0.031810222641251031,0.37913959193116098,0.70136794240072942,0.93525263558374316,0.99754868503528882,3.1561554520159003,2.1002611511359373,1.4492277775201305,3,5,6,8
868,185,754,"{1,4,5,6,7,9}",1 4 5 6 7 9,6,yes,0.031810222641251031,0.37913959193116098,0.70136794240072942,0.93525263558374316,0.99754868503528882,3.1561554520159003,2.1002611511359373,1.4492277775201305,3,5,6,8
869,186,882,"{1,4,5,6,8,9}",1 4 5 6 8 9,6,yes,0.031810222641251031,0.37913959193116098,0.70136794240072942,0.93525263558374316,0.99754868503528882,3.1561554520159003,2.1002611511359373,1.4492277775201305,3,5,6,8
870,187,946,"{1,4,5,7,8,9}",1 4 5 7 8 9,6,yes,0.031810222641251031,0.37913959193116098,0.70136794240072942,0.93525263558374316,0.99754868503528882,3.1561554520159003,2.1002611511359373,1.4492277775201305,3,5,6,8
871,188,978,"{1,4,6,7,8,9}",1 4 6 7 8 9,6,yes,0.031810222641251031,0.37913959193116098,0.70136794240072942,0.93525263558374316,0.99754868503528882,3.1561554520159003,2.1002611511359373,1.4492277775201305,3,5,6,8
872,189,994,"{1,5,6,7,8,9}",1 5 6 7 8 9,6,yes,0.031810222641251031,0.37913959193116098,0.70136794240072942,0.93525263558374316,0.99754868503528882,3.1561554520159003,2.1002611511359373,1.4492277775201305,3,5,6,8
873,190,636,"{2,3,4,5,6,9}",2 3 4 5 6 9,6,yes,0.031810222641251031,0.37913959193116098,0.70136794240072942,0.93525263558374316,0.99754868503528882,3.1561554520159003,2.1002611511359373,1.4492277775201305,3,5,6,8
874,191,700,"{2,3,4,5,7,9}",2 3 4 5 7 9,6,yes,0.031810222641251031,0.37913959193116098,0.70136794240072942,0.93525263558374316,0.99754868503528882,3.1561554520159003,2.1002611511359373,1.4492277775201305,3,5,6,8
875,192,828,"{2,3,4,5,8,9}",2 3 4 5 8 9,6,yes,0.031810222641251031,0.37913959193116098,0.70136794240072942,0.93525263558374316,0.99754868503528882,3.1561554520159003,2.1002611511359373,1.4492277775201305,3,5,6,8
876,193,732,"{2,3,4,6,7,9}",2 3 4 6 7 9,6,yes,0.031810222641251031,0.37913959193116098,0.70136794240072942,0.93525263558374316,0.99754868503528882,3.1561554520159003,2.1002611511359373,1.4492277775201305,3,5,6,8
877,194,860,"{2,3,4,6,8,9}",2 3 4 6 8 9,6,yes,0.031810222641251031,0.37913959193116098,0.70136794240072942,0.93525263558374316,0.99754868503528882,3.1561554520159003,2.1002611511359373,1.4492277775201305,3,5,6,8
878,195,924,"{2,3,4,7,8,9}",2 3 4 7 8 9,6,yes,0.031810222641251031,0.37913959193116098,0.70136794240072942,0.93525263558374316,0.99754868503528882,3.1561554520159003,2.1002611511359373,1.4492277775201305,3,5,6,8
879,196,748,"{2,3,5,6,7,9}",2 3 5 6 7 9,6,yes,0.031810222641251031,0.37913959193116098,0.70136794240072942,0.93525263558374316,0.99754868503528882,3.1561554520159003,2.1002611511359373,1.4492277775201305,3,5,6,8
880,197,876,"{2,3,5,6,8,9}",2 3 5 6 8 9,6,yes,0.031810222641251031,0.37913959193116098,0.70136794240072942,0.93525263558374316,0.99754868503528882,3.1561554520159003,2.1002611511359373,1.4492277775201305,3,5,6,8
881,198,940,"{2,3,5,7,8,9}",2 3 5 7 8 9,6,yes,0.031810222641251031,0.37913959193116098,0.70136794240072942,0.93525263558374316,0.99754868503528882,3.1561554520159003,2.1002611511359373,1.4492277775201305,3,5,6,8
882,199,972,"{2,3,6,7,8,9}",2 3 6 7 8 9,6,yes,0.031810222641251031,0.37913959193116098,0.70136794240072942,0.93525263558374316,0.99754868503528882,3.1561554520159003,2.1002611511359373,1.4492277775201305,3,5,6,8
883,200,756,"{2,4,5,6,7,9}",2 4 5 6 7 9,6,yes,0.031810222641251031,0.37913959193116098,0.70136794240072942,0.93525263558374316,0.99754868503528882,3.1561554520159003,2.1002611511359373,1.4492277775201305,3,5,6,8
884,201,884,"{2,4,5,6,8,9}",2 4 5 6 8 9,6,yes,0.031810222641251031,0.37913959193116098,0.70136794240072942,0.93525263558374316,0.99754868503528882,3.1561554520159003,2.1002611511359373,1.4492277775201305,3,5,6,8
885,202,948,"{2,4,5,7,8,9}",2 4 5 7 8 9,6,yes,0.031810222641251031,0.37913959193116098,0.70136794240072942,0.93525263558374316,0.99754868503528882,3.1561554520159003,2.1002611511359373,1.4492277775201305,3,5,6,8
886,203,980,"{2,4,6,7,8,9}",2 4 6 7 8 9,6,yes,0.031810222641251031,0.37913959193116098,0.70136794240072942,0.93525263558374316,0.99754868503528882,3.1561554520159003,2.1002611511359373,1.4492277775201305,3,5,6,8
887,204,996,"{2,5,6,7,8,9}",2 5 6 7 8 9,6,yes,0.031810222641251031,0.37913959193116098,0.70136794240072942,0.93525263558374316,0.99754868503528882,3.1561554520159003,2.1002611511359373,1.4492277775201305,3,5,6,8
888,205,760,"{3,4,5,6,7,9}",3 4 5 6 7 9,6,yes,0.031810222641251031,0.37913959193116098,0.70136794240072942,0.93525263558374316,0.99754868503528882,3.1561554520159003,2.1002611511359373,1.4492277775201305,3,5,6,8
889,206,888,"{3,4,5,6,8,9}",3 4 5 6 8 9,6,yes,0.031810222641251031,0.37913959193116098,0.70136794240072942,0.93525263558374316,0.99754868503528882,3.1561554520159003,2.1002611511359373,1.4492277775201305,3,5,6,8
890,207,952,"{3,4,5,7,8,9}",3 4 5 7 8 9,6,yes,0.031810222641251031,0.37913959193116098,0.70136794240072942,0.93525263558374316,0.99754868503528882,3.1561554520159003,2.1002611511359373,1.4492277775201305,3,5,6,8
891,208,984,"{3,4,6,7,8,9}",3 4 6 7 8 9,6,yes,0.031810222641251031,0.37913959193116098,0.70136794240072942,0.93525263558374316,0.99754868503528882,3.1561554520159003,2.1002611511359373,1.4492277775201305,3,5,6,8
892,209,1000,"{3,5,6,7,8,9}",3 5 6 7 8 9,6,yes,0.031810222641251031,0.37913959193116098,0.70136794240072942,0.93525263558374316,0.99754868503528882,3.1561554520159003,2.1002611511359373,1.4492277775201305,3,5,6,8
893,210,1008,"{4,5,6,7,8,9}",4 5 6 7 8 9,6,yes,0.031810222641251031,0.37913959193116098,0.70136794240072942,0.93525263558374316,0.99754868503528882,3.1561554520159003,2.1002611511359373,1.4492277775201305,3,5,6,8
894,37,575,"{0,1,2,3,4,5,9}",0 1 2 3 4 5 9,7,yes,0.015873984522336824,0.33332244537303107,0.67713200931902329,0.93216361661498914,0.99753801585816682,3.2558257389085066,2.0444102253651053,1.4298287398724034,3,5,6,8
895,38,607,"{0,1,2,3,4,6,9}",0 1 2 3 4 6 9,7,yes,0.015873984522336824,0.33332244537303107,0.67713200931902329,0.93216361661498914,0.99753801585816682,3.2558257389085066,2.0444102253651053,1.4298287398724034,3,5,6,8
896,39,671,"{0,1,2,3,4,7,9}",0 1 2 3 4 7 9,7,yes,0.015873984522336824,0.33332244537303107,0.67713200931902329,0.93216361661498914,0.99753801585816682,3.2558257389085066,2.0444102253651053,1.4298287398724034,3,5,6,8
897,40,799,"{0,1,2,3,4,8,9}",0 1 2 3 4 8 9,7,yes,0.015873984522336824,0.33332244537303107,0.67713200931902329,0.93216361661498914,0.99753801585816682,3.2558257389085066,2.0444102253651053,1.4298287398724034,3,5,6,8
898,41,623,"{0,1,2,3,5,6,9}",0 1 2 3 5 6 9,7,yes,0.015873984522336824,0.33332244537303107,0.67713200931902329,0.93216361661498914,0.99753801585816682,3.2558257389085066,2.0444102253651053,1.4298287398724034,3,5,6,8
899,42,687,"{0,1,2,3,5,7,9}",0 1 2 3 5 7 9,7,yes,0.015873984522336824,0.33332244537303107,0.67713200931902329,0.93216361661498914,0.99753801585816682,3.2558257389085066,2.0444102253651053,1.4298287398724034,3,5,6,8
900,43,815,"{0,1,2,3,5,8,9}",0 1 2 3 5 8 9,7,yes,0.015873984522336824,0.33332244537303107,0.67713200931902329,0.93216361661498914,0.99753801585816682,3.2558257389085066,2.0444102253651053,1.4298287398724034,3,5,6,8
901,44,719,"{0,1,2,3,6,7,9}",0 1 2 3 6 7 9,7,yes,0.015873984522336824,0.33332244537303107,0.67713200931902329,0.93216361661498914,0.99753801585816682,3.2558257389085066,2.0444102253651053,1.4298287398724034,3,5,6,8
902,45,847,"{0,1,2,3,6,8,9}",0 1 2 3 6 8 9,7,yes,0.015873984522336824,0.33332244537303107,0.67713200931902329,0.93216361661498914,0.99753801585816682,3.2558257389085066,2.0444102253651053,1.4298287398724034,3,5,6,8
903,46,911,"{0,1,2,3,7,8,9}",0 1 2 3 7 8 9,7,yes,0.015873984522336824,0.33332244537303107,0.67713200931902329,0.93216361661498914,0.99753801585816682,3.2558257389085066,2.0444102253651053,1.4298287398724034,3,5,6,8
904,47,631,"{0,1,2,4,5,6,9}",0 1 2 4 5 6 9,7,yes,0.015873984522336824,0.33332244537303107,0.67713200931902329,0.93216361661498914,0.99753801585816682,3.2558257389085066,2.0444102253651053,1.4298287398724034,3,5,6,8
905,48,695,"{0,1,2,4,5,7,9}",0 1 2 4 5 7 9,7,yes,0.015873984522336824,0.33332244537303107,0.67713200931902329,0.93216361661498914,0.99753801585816682,3.2558257389085066,2.0444102253651053,1.4298287398724034,3,5,6,8
906,49,823,"{0,1,2,4,5,8,9}",0 1 2 4 5 8 9,7,yes,0.015873984522336824,0.33332244537303107,0.67713200931902329,0.93216361661498914,0.99753801585816682,3.2558257389085066,2.0444102253651053,1.4298287398724034,3,5,6,8
907,50,727,"{0,1,2,4,6,7,9}",0 1 2 4 6 7 9,7,yes,0.015873984522336824,0.33332244537303107,0.67713200931902329,0.93216361661498914,0.99753801585816682,3.2558257389085066,2.0444102253651053,1.4298287398724034,3,5,6,8
908,51,855,"{0,1,2,4,6,8,9}",0 1 2 4 6 8 9,7,yes,0.015873984522336824,0.33332244537303107,0.67713200931902329,0.93216361661498914,0.99753801585816682,3.2558257389085066,2.0444102253651053,1.4298287398724034,3,5,6,8
909,52,919,"{0,1,2,4,7,8,9}",0 1 2 4 7 8 9,7,yes,0.015873984522336824,0.33332244537303107,0.67713200931902329,0.93216361661498914,0.99753801585816682,3.2558257389085066,2.0444102253651053,1.4298287398724034,3,5,6,8
910,53,743,"{0,1,2,5,6,7,9}",0 1 2 5 6 7 9,7,yes,0.015873984522336824,0.33332244537303107,0.67713200931902329,0.93216361661498914,0.99753801585816682,3.2558257389085066,2.0444102253651053,1.4298287398724034,3,5,6,8
911,54,871,"{0,1,2,5,6,8,9}",0 1 2 5 6 8 9,7,yes,0.015873984522336824,0.33332244537303107,0.67713200931902329,0.93216361661498914,0.99753801585816682,3.2558257389085066,2.0444102253651053,1.4298287398724034,3,5,6,8
912,55,935,"{0,1,2,5,7,8,9}",0 1 2 5 7 8 9,7,yes,0.015873984522336824,0.33332244537303107,0.67713200931902329,0.93216361661498914,0.99753801585816682,3.2558257389085066,2.0444102253651053,1.4298287398724034,3,5,6,8
913,56,967,"{0,1,2,6,7,8,9}",0 1 2 6 7 8 9,7,yes,0.015873984522336824,0.33332244537303107,0.67713200931902329,0.93216361661498914,0.99753801585816682,3.2558257389085066,2.0444102253651053,1.4298287398724034,3,5,6,8
914,57,635,"{0,1,3,4,5,6,9}",0 1 3 4 5 6 9,7,yes,0.015873984522336824,0.33332244537303107,0.67713200931902329,0.93216361661498914,0.99753801585816682,3.2558257389085066,2.0444102253651053,1.4298287398724034,3,5,6,8
915,58,699,"{0,1,3,4,5,7,9}",0 1 3 4 5 7 9,7,yes,0.015873984522336824,0.33332244537303107,0.67713200931902329,0.93216361661498914,0.99753801585816682,3.2558257389085066,2.0444102253651053,1.4298287398724034,3,5,6,8
916,59,827,"{0,1,3,4,5,8,9}",0 1 3 4 5 8 9,7,yes,0.015873984522336824,0.33332244537303107,0.67713200931902329,0.93216361661498914,0.99753801585816682,3.2558257389085066,2.0444102253651053,1.4298287398724034,3,5,6,8
917,60,731,"{0,1,3,4,6,7,9}",0 1 3 4 6 7 9,7,yes,0.015873984522336824,0.33332244537303107,0.67713200931902329,0.93216361661498914,0.99753801585816682,3.2558257389085066,2.0444102253651053,1.4298287398724034,3,5,6,8
918,61,859,"{0,1,3,4,6,8,9}",0 1 3 4 6 8 9,7,yes,0.015873984522336824,0.33332244537303107,0.67713200931902329,0.93216361661498914,0.99753801585816682,3.2558257389085066,2.0444102253651053,1.4298287398724034,3,5,6,8
919,62,923,"{0,1,3,4,7,8,9}",0 1 3 4 7 8 9,7,yes,0.015873984522336824,0.33332244537303107,0.67713200931902329,0.93216361661498914,0.99753801585816682,3.2558257389085066,2.0444102253651053,1.4298287398724034,3,5,6,8
920,63,747,"{0,1,3,5,6,7,9}",0 1 3 5 6 7 9,7,yes,0.015873984522336824,0.33332244537303107,0.67713200931902329,0.93216361661498914,0.99753801585816682,3.2558257389085066,2.0444102253651053,1.4298287398724034,3,5,6,8
921,64,875,"{0,1,3,5,6,8,9}",0 1 3 5 6 8 9,7,yes,0.015873984522336824,0.33332244537303107,0.67713200931902329,0.93216361661498914,0.99753801585816682,3.2558257389085066,2.0444102253651053,1.4298287398724034,3,5,6,8
922,65,939,"{0,1,3,5,7,8,9}",0 1 3 5 7 8 9,7,yes,0.015873984522336824,0.33332244537303107,0.67713200931902329,0.93216361661498914,0.99753801585816682,3.2558257389085066,2.0444102253651053,1.4298287398724034,3,5,6,8
923,66,971,"{0,1,3,6,7,8,9}",0 1 3 6 7 8 9,7,yes,0.015873984522336824,0.33332244537303107,0.67713200931902329,0.93216361661498914,0.99753801585816682,3.2558257389085066,2.0444102253651053,1.4298287398724034,3,5,6,8
924,67,755,"{0,1,4,5,6,7,9}",0 1 4 5 6 7 9,7,yes,0.015873984522336824,0.33332244537303107,0.67713200931902329,0.93216361661498914,0.99753801585816682,3.2558257389085066,2.0444102253651053,1.4298287398724034,3,5,6,8
925,68,883,"{0,1,4,5,6,8,9}",0 1 4 5 6 8 9,7,yes,0.015873984522336824,0.33332244537303107,0.67713200931902329,0.93216361661498914,0.99753801585816682,3.2558257389085066,2.0444102253651053,1.4298287398724034,3,5,6,8
926,69,947,"{0,1,4,5,7,8,9}",0 1 4 5 7 8 9,7,yes,0.015873984522336824,0.33332244537303107,0.67713200931902329,0.93216361661498914,0.99753801585816682,3.2558257389085066,2.0444102253651053,1.4298287398724034,3,5,6,8
927,70,979,"{0,1,4,6,7,8,9}",0 1 4 6 7 8 9,7,yes,0.015873984522336824,0.33332244537303107,0.67713200931902329,0.93216361661498914,0.99753801585816682,3.2558257389085066,2.0444102253651053,1.4298287398724034,3,5,6,8
928,71,995,"{0,1,5,6,7,8,9}",0 1 5 6 7 8 9,7,yes,0.015873984522336824,0.33332244537303107,0.67713200931902329,0.93216361661498914,0.99753801585816682,3.2558257389085066,2.0444102253651053,1.4298287398724034,3,5,6,8
929,72,637,"{0,2,3,4,5,6,9}",0 2 3 4 5 6 9,7,yes,0.015873984522336824,0.33332244537303107,0.67713200931902329,0.93216361661498914,0.99753801585816682,3.2558257389085066,2.0444102253651053,1.4298287398724034,3,5,6,8
930,73,701,"{0,2,3,4,5,7,9}",0 2 3 4 5 7 9,7,yes,0.015873984522336824,0.33332244537303107,0.67713200931902329,0.93216361661498914,0.99753801585816682,3.2558257389085066,2.0444102253651053,1.4298287398724034,3,5,6,8
931,74,829,"{0,2,3,4,5,8,9}",0 2 3 4 5 8 9,7,yes,0.015873984522336824,0.33332244537303107,0.67713200931902329,0.93216361661498914,0.99753801585816682,3.2558257389085066,2.0444102253651053,1.4298287398724034,3,5,6,8
932,75,733,"{0,2,3,4,6,7,9}",0 2 3 4 6 7 9,7,yes,0.015873984522336824,0.33332244537303107,0.67713200931902329,0.93216361661498914,0.99753801585816682,3.2558257389085066,2.0444102253651053,1.4298287398724034,3,5,6,8
933,76,861,"{0,2,3,4,6,8,9}",0 2 3 4 6 8 9,7,yes,0.015873984522336824,0.33332244537303107,0.67713200931902329,0.93216361661498914,0.99753801585816682,3.2558257389085066,2.0444102253651053,1.4298287398724034,3,5,6,8
934,77,925,"{0,2,3,4,7,8,9}",0 2 3 4 7 8 9,7,yes,0.015873984522336824,0.33332244537303107,0.67713200931902329,0.93216361661498914,0.99753801585816682,3.2558257389085066,2.0444102253651053,1.4298287398724034,3,5,6,8
935,78,749,"{0,2,3,5,6,7,9}",0 2 3 5 6 7 9,7,yes,0.015873984522336824,0.33332244537303107,0.67713200931902329,0.93216361661498914,0.99753801585816682,3.2558257389085066,2.0444102253651053,1.4298287398724034,3,5,6,8
936,79,877,"{0,2,3,5,6,8,9}",0 2 3 5 6 8 9,7,yes,0.015873984522336824,0.33332244537303107,0.67713200931902329,0.93216361661498914,0.99753801585816682,3.2558257389085066,2.0444102253651053,1.4298287398724034,3,5,6,8
937,80,941,"{0,2,3,5,7,8,9}",0 2 3 5 7 8 9,7,yes,0.015873984522336824,0.33332244537303107,0.67713200931902329,0.93216361661498914,0.99753801585816682,3.2558257389085066,2.0444102253651053,1.4298287398724034,3,5,6,8
938,81,973,"{0,2,3,6,7,8,9}",0 2 3 6 7 8 9,7,yes,0.015873984522336824,0.33332244537303107,0.67713200931902329,0.93216361661498914,0.99753801585816682,3.2558257389085066,2.0444102253651053,1.4298287398724034,3,5,6,8
939,82,757,"{0,2,4,5,6,7,9}",0 2 4 5 6 7 9,7,yes,0.015873984522336824,0.33332244537303107,0.67713200931902329,0.93216361661498914,0.99753801585816682,3.2558257389085066,2.0444102253651053,1.4298287398724034,3,5,6,8
940,83,885,"{0,2,4,5,6,8,9}",0 2 4 5 6 8 9,7,yes,0.015873984522336824,0.33332244537303107,0.67713200931902329,0.93216361661498914,0.99753801585816682,3.2558257389085066,2.0444102253651053,1.4298287398724034,3,5,6,8
941,84,949,"{0,2,4,5,7,8,9}",0 2 4 5 7 8 9,7,yes,0.015873984522336824,0.33332244537303107,0.67713200931902329,0.93216361661498914,0.99753801585816682,3.2558257389085066,2.0444102253651053,1.4298287398724034,3,5,6,8
942,85,981,"{0,2,4,6,7,8,9}",0 2 4 6 7 8 9,7,yes,0.015873984522336824,0.33332244537303107,0.67713200931902329,0.93216361661498914,0.99753801585816682,3.2558257389085066,2.0444102253651053,1.4298287398724034,3,5,6,8
943,86,997,"{0,2,5,6,7,8,9}",0 2 5 6 7 8 9,7,yes,0.015873984522336824,0.33332244537303107,0.67713200931902329,0.93216361661498914,0.99753801585816682,3.2558257389085066,2.0444102253651053,1.4298287398724034,3,5,6,8
944,87,761,"{0,3,4,5,6,7,9}",0 3 4 5 6 7 9,7,yes,0.015873984522336824,0.33332244537303107,0.67713200931902329,0.93216361661498914,0.99753801585816682,3.2558257389085066,2.0444102253651053,1.4298287398724034,3,5,6,8
945,88,889,"{0,3,4,5,6,8,9}",0 3 4 5 6 8 9,7,yes,0.015873984522336824,0.33332244537303107,0.67713200931902329,0.93216361661498914,0.99753801585816682,3.2558257389085066,2.0444102253651053,1.4298287398724034,3,5,6,8
946,89,953,"{0,3,4,5,7,8,9}",0 3 4 5 7 8 9,7,yes,0.015873984522336824,0.33332244537303107,0.67713200931902329,0.93216361661498914,0.99753801585816682,3.2558257389085066,2.0444102253651053,1.4298287398724034,3,5,6,8
947,90,985,"{0,3,4,6,7,8,9}",0 3 4 6 7 8 9,7,yes,0.015873984522336824,0.33332244537303107,0.67713200931902329,0.93216361661498914,0.99753801585816682,3.2558257389085066,2.0444102253651053,1.4298287398724034,3,5,6,8
948,91,1001,"{0,3,5,6,7,8,9}",0 3 5 6 7 8 9,7,yes,0.015873984522336824,0.33332244537303107,0.67713200931902329,0.93216361661498914,0.99753801585816682,3.2558257389085066,2.0444102253651053,1.4298287398724034,3,5,6,8
949,92,1009,"{0,4,5,6,7,8,9}",0 4 5 6 7 8 9,7,yes,0.015873984522336824,0.33332244537303107,0.67713200931902329,0.93216361661498914,0.99753801585816682,3.2558257389085066,2.0444102253651053,1.4298287398724034,3,5,6,8
950,93,638,"{1,2,3,4,5,6,9}",1 2 3 4 5 6 9,7,yes,0.014807755159881756,0.33044150635914515,0.67611180040572261,0.93211142225451404,0.99753800211126609,3.2611037747834959,2.0377172533209205,1.4274863408526615,3,5,6,8
951,94,702,"{1,2,3,4,5,7,9}",1 2 3 4 5 7 9,7,yes,0.014807755159881756,0.33044150635914515,0.67611180040572261,0.93211142225451404,0.99753800211126609,3.2611037747834959,2.0377172533209205,1.4274863408526615,3,5,6,8
952,95,830,"{1,2,3,4,5,8,9}",1 2 3 4 5 8 9,7,yes,0.014807755159881756,0.33044150635914515,0.67611180040572261,0.93211142225451404,0.99753800211126609,3.2611037747834959,2.0377172533209205,1.4274863408526615,3,5,6,8
953,96,734,"{1,2,3,4,6,7,9}",1 2 3 4 6 7 9,7,yes,0.014807755159881756,0.33044150635914515,0.67611180040572261,0.93211142225451404,0.99753800211126609,3.2611037747834959,2.0377172533209205,1.4274863408526615,3,5,6,8
954,97,862,"{1,2,3,4,6,8,9}",1 2 3 4 6 8 9,7,yes,0.014807755159881756,0.33044150635914515,0.67611180040572261,0.93211142225451404,0.99753800211126609,3.2611037747834959,2.0377172533209205,1.4274863408526615,3,5,6,8
955,98,926,"{1,2,3,4,7,8,9}",1 2 3 4 7 8 9,7,yes,0.014807755159881756,0.33044150635914515,0.67611180040572261,0.93211142225451404,0.99753800211126609,3.2611037747834959,2.0377172533209205,1.4274863408526615,3,5,6,8
956,99,750,"{1,2,3,5,6,7,9}",1 2 3 5 6 7 9,7,yes,0.014807755159881756,0.33044150635914515,0.67611180040572261,0.93211142225451404,0.99753800211126609,3.2611037747834959,2.0377172533209205,1.4274863408526615,3,5,6,8
957,100,878,"{1,2,3,5,6,8,9}",1 2 3 5 6 8 9,7,yes,0.014807755159881756,0.33044150635914515,0.67611180040572261,0.93211142225451404,0.99753800211126609,3.2611037747834959,2.0377172533209205,1.4274863408526615,3,5,6,8
958,101,942,"{1,2,3,5,7,8,9}",1 2 3 5 7 8 9,7,yes,0.014807755159881756,0.33044150635914515,0.67611180040572261,0.93211142225451404,0.99753800211126609,3.2611037747834959,2.0377172533209205,1.4274863408526615,3,5,6,8
959,102,974,"{1,2,3,6,7,8,9}",1 2 3 6 7 8 9,7,yes,0.014807755159881756,0.33044150635914515,0.67611180040572261,0.93211142225451404,0.99753800211126609,3.2611037747834959,2.0377172533209205,1.4274863408526615,3,5,6,8
960,103,758,"{1,2,4,5,6,7,9}",1 2 4 5 6 7 9,7,yes,0.014807755159881756,0.33044150635914515,0.67611180040572261,0.93211142225451404,0.99753800211126609,3.2611037747834959,2.0377172533209205,1.4274863408526615,3,5,6,8
961,104,886,"{1,2,4,5,6,8,9}",1 2 4 5 6 8 9,7,yes,0.014807755159881756,0.33044150635914515,0.67611180040572261,0.93211142225451404,0.99753800211126609,3.2611037747834959,2.0377172533209205,1.4274863408526615,3,5,6,8
962,105,950,"{1,2,4,5,7,8,9}",1 2 4 5 7 8 9,7,yes,0.014807755159881756,0.33044150635914515,0.67611180040572261,0.93211142225451404,0.99753800211126609,3.2611037747834959,2.0377172533209205,1.4274863408526615,3,5,6,8
963,106,982,"{1,2,4,6,7,8,9}",1 2 4 6 7 8 9,7,yes,0.014807755159881756,0.33044150635914515,0.67611180040572261,0.93211142225451404,0.99753800211126609,3.2611037747834959,2.0377172533209205,1.4274863408526615,3,5,6,8
964,107,998,"{1,2,5,6,7,8,9}",1 2 5 6 7 8 9,7,yes,0.014807755159881756,0.33044150635914515,0.67611180040572261,0.93211142225451404,0.99753800211126609,3.2611037747834959,2.0377172533209205,1.4274863408526615,3,5,6,8
965,108,762,"{1,3,4,5,6,7,9}",1 3 4 5 6 7 9,7,yes,0.014807755159881756,0.33044150635914515,0.67611180040572261,0.93211142225451404,0.99753800211126609,3.2611037747834959,2.0377172533209205,1.4274863408526615,3,5,6,8
966,109,890,"{1,3,4,5,6,8,9}",1 3 4 5 6 8 9,7,yes,0.014807755159881756,0.33044150635914515,0.67611180040572261,0.93211142225451404,0.99753800211126609,3.2611037747834959,2.0377172533209205,1.4274863408526615,3,5,6,8
967,110,954,"{1,3,4,5,7,8,9}",1 3 4 5 7 8 9,7,yes,0.014807755159881756,0.33044150635914515,0.67611180040572261,0.93211142225451404,0.99753800211126609,3.2611037747834959,2.0377172533209205,1.4274863408526615,3,5,6,8
968,111,986,"{1,3,4,6,7,8,9}",1 3 4 6 7 8 9,7,yes,0.014807755159881756,0.33044150635914515,0.67611180040572261,0.93211142225451404,0.99753800211126609,3.2611037747834959,2.0377172533209205,1.4274863408526615,3,5,6,8
969,112,1002,"{1,3,5,6,7,8,9}",1 3 5 6 7 8 9,7,yes,0.014807755159881756,0.33044150635914515,0.67611180040572261,0.93211142225451404,0.99753800211126609,3.2611037747834959,2.0377172533209205,1.4274863408526615,3,5,6,8
970,113,1010,"{1,4,5,6,7,8,9}",1 4 5 6 7 8 9,7,yes,0.014807755159881756,0.33044150635914515,0.67611180040572261,0.93211142225451404,0.99753800211126609,3.2611037747834959,2.0377172533209205,1.4274863408526615,3,5,6,8
971,114,764,"{2,3,4,5,6,7,9}",2 3 4 5 6 7 9,7,yes,0.014807755159881756,0.33044150635914515,0.67611180040572261,0.93211142225451404,0.99753800211126609,3.2611037747834959,2.0377172533209205,1.4274863408526615,3,5,6,8
972,115,892,"{2,3,4,5,6,8,9}",2 3 4 5 6 8 9,7,yes,0.014807755159881756,0.33044150635914515,0.67611180040572261,0.93211142225451404,0.99753800211126609,3.2611037747834959,2.0377172533209205,1.4274863408526615,3,5,6,8
973,116,956,"{2,3,4,5,7,8,9}",2 3 4 5 7 8 9,7,yes,0.014807755159881756,0.33044150635914515,0.67611180040572261,0.93211142225451404,0.99753800211126609,3.2611037747834959,2.0377172533209205,1.4274863408526615,3,5,6,8
974,117,988,"{2,3,4,6,7,8,9}",2 3 4 6 7 8 9,7,yes,0.014807755159881756,0.33044150635914515,0.67611180040572261,0.93211142225451404,0.99753800211126609,3.2611037747834959,2.0377172533209205,1.4274863408526615,3,5,6,8
975,118,1004,"{2,3,5,6,7,8,9}",2 3 5 6 7 8 9,7,yes,0.014807755159881756,0.33044150635914515,0.67611180040572261,0.93211142225451404,0.99753800211126609,3.2611037747834959,2.0377172533209205,1.4274863408526615,3,5,6,8
976,119,1012,"{2,4,5,6,7,8,9}",2 4 5 6 7 8 9,7,yes,0.014807755159881756,0.33044150635914515,0.67611180040572261,0.93211142225451404,0.99753800211126609,3.2611037747834959,2.0377172533209205,1.4274863408526615,3,5,6,8
977,120,1016,"{3,4,5,6,7,8,9}",3 4 5 6 7 8 9,7,yes,0.014807755159881756,0.33044150635914515,0.67611180040572261,0.93211142225451404,0.99753800211126609,3.2611037747834959,2.0377172533209205,1.4274863408526615,3,5,6,8
978,10,639,"{0,1,2,3,4,5,6,9}",0 1 2 3 4 5 6 9,8,yes,0.0063864544911204097,0.28887996510864261,0.65241796519324813,0.92902719585478366,0.9975273329587202,3.3484033170970213,1.9957913950129154,1.4127248122026155,3,5,6,8
979,11,703,"{0,1,2,3,4,5,7,9}",0 1 2 3 4 5 7 9,8,yes,0.0063864544911204097,0.28887996510864261,0.65241796519324813,0.92902719585478366,0.9975273329587202,3.3484033170970213,1.9957913950129154,1.4127248122026155,3,5,6,8
980,12,831,"{0,1,2,3,4,5,8,9}",0 1 2 3 4 5 8 9,8,yes,0.0063864544911204097,0.28887996510864261,0.65241796519324813,0.92902719585478366,0.9975273329587202,3.3484033170970213,1.9957913950129154,1.4127248122026155,3,5,6,8
981,13,735,"{0,1,2,3,4,6,7,9}",0 1 2 3 4 6 7 9,8,yes,0.0063864544911204097,0.28887996510864261,0.65241796519324813,0.92902719585478366,0.9975273329587202,3.3484033170970213,1.9957913950129154,1.4127248122026155,3,5,6,8
982,14,863,"{0,1,2,3,4,6,8,9}",0 1 2 3 4 6 8 9,8,yes,0.0063864544911204097,0.28887996510864261,0.65241796519324813,0.92902719585478366,0.9975273329587202,3.3484033170970213,1.9957913950129154,1.4127248122026155,3,5,6,8
983,15,927,"{0,1,2,3,4,7,8,9}",0 1 2 3 4 7 8 9,8,yes,0.0063864544911204097,0.28887996510864261,0.65241796519324813,0.92902719585478366,0.9975273329587202,3.3484033170970213,1.9957913950129154,1.4127248122026155,3,5,6,8
984,16,751,"{0,1,2,3,5,6,7,9}",0 1 2 3 5 6 7 9,8,yes,0.0063864544911204097,0.28887996510864261,0.65241796519324813,0.92902719585478366,0.9975273329587202,3.3484033170970213,1.9957913950129154,1.4127248122026155,3,5,6,8
985,17,879,"{0,1,2,3,5,6,8,9}",0 1 2 3 5 6 8 9,8,yes,0.0063864544911204097,0.28887996510864261,0.65241796519324813,0.92902719585478366,0.9975273329587202,3.3484033170970213,1.9957913950129154,1.4127248122026155,3,5,6,8
986,18,943,"{0,1,2,3,5,7,8,9}",0 1 2 3 5 7 8 9,8,yes,0.0063864544911204097,0.28887996510864261,0.65241796519324813,0.92902719585478366,0.9975273329587202,3.3484033170970213,1.9957913950129154,1.4127248122026155,3,5,6,8
987,19,975,"{0,1,2,3,6,7,8,9}",0 1 2 3 6 7 8 9,8,yes,0.0063864544911204097,0.28887996510864261,0.65241796519324813,0.92902719585478366,0.9975273329587202,3.3484033170970213,1.9957913950129154,1.4127248122026155,3,5,6,8
988,20,759,"{0,1,2,4,5,6,7,9}",0 1 2 4 5 6 7 9,8,yes,0.0063864544911204097,0.28887996510864261,0.65241796519324813,0.92902719585478366,0.9975273329587202,3.3484033170970213,1.9957913950129154,1.4127248122026155,3,5,6,8
989,21,887,"{0,1,2,4,5,6,8,9}",0 1 2 4 5 6 8 9,8,yes,0.0063864544911204097,0.28887996510864261,0.65241796519324813,0.92902719585478366,0.9975273329587202,3.3484033170970213,1.9957913950129154,1.4127248122026155,3,5,6,8
990,22,951,"{0,1,2,4,5,7,8,9}",0 1 2 4 5 7 8 9,8,yes,0.0063864544911204097,0.28887996510864261,0.65241796519324813,0.92902719585478366,0.9975273329587202,3.3484033170970213,1.9957913950129154,1.4127248122026155,3,5,6,8
991,23,983,"{0,1,2,4,6,7,8,9}",0 1 2 4 6 7 8 9,8,yes,0.0063864544911204097,0.28887996510864261,0.65241796519324813,0.92902719585478366,0.9975273329587202,3.3484033170970213,1.9957913950129154,1.4127248122026155,3,5,6,8
992,24,999,"{0,1,2,5,6,7,8,9}",0 1 2 5 6 7 8 9,8,yes,0.0063864544911204097,0.28887996510864261,0.65241796519324813,0.92902719585478366,0.9975273329587202,3.3484033170970213,1.9957913950129154,1.4127248122026155,3,5,6,8
993,25,763,"{0,1,3,4,5,6,7,9}",0 1 3 4 5 6 7 9,8,yes,0.0063864544911204097,0.28887996510864261,0.65241796519324813,0.92902719585478366,0.9975273329587202,3.3484033170970213,1.9957913950129154,1.4127248122026155,3,5,6,8
994,26,891,"{0,1,3,4,5,6,8,9}",0 1 3 4 5 6 8 9,8,yes,0.0063864544911204097,0.28887996510864261,0.65241796519324813,0.92902719585478366,0.9975273329587202,3.3484033170970213,1.9957913950129154,1.4127248122026155,3,5,6,8
995,27,955,"{0,1,3,4,5,7,8,9}",0 1 3 4 5 7 8 9,8,yes,0.0063864544911204097,0.28887996510864261,0.65241796519324813,0.92902719585478366,0.9975273329587202,3.3484033170970213,1.9957913950129154,1.4127248122026155,3,5,6,8
996,28,987,"{0,1,3,4,6,7,8,9}",0 1 3 4 6 7 8 9,8,yes,0.0063864544911204097,0.28887996510864261,0.65241796519324813,0.92902719585478366,0.9975273329587202,3.3484033170970213,1.9957913950129154,1.4127248122026155,3,5,6,8
997,29,1003,"{0,1,3,5,6,7,8,9}",0 1 3 5 6 7 8 9,8,yes,0.0063864544911204097,0.28887996510864261,0.65241796519324813,0.92902719585478366,0.9975273329587202,3.3484033170970213,1.9957913950129154,1.4127248122026155,3,5,6,8
998,30,1011,"{0,1,4,5,6,7,8,9}",0 1 4 5 6 7 8 9,8,yes,0.0063864544911204097,0.28887996510864261,0.65241796519324813,0.92902719585478366,0.9975273329587202,3.3484033170970213,1.9957913950129154,1.4127248122026155,3,5,6,8
999,31,765,"{0,2,3,4,5,6,7,9}",0 2 3 4 5 6 7 9,8,yes,0.0063864544911204097,0.28887996510864261,0.65241796519324813,0.92902719585478366,0.9975273329587202,3.3484033170970213,1.9957913950129154,1.4127248122026155,3,5,6,8
1000,32,893,"{0,2,3,4,5,6,8,9}",0 2 3 4 5 6 8 9,8,yes,0.0063864544911204097,0.28887996510864261,0.65241796519324813,0.92902719585478366,0.9975273329587202,3.3484033170970213,1.9957913950129154,1.4127248122026155,3,5,6,8
1001,33,957,"{0,2,3,4,5,7,8,9}",0 2 3 4 5 7 8 9,8,yes,0.0063864544911204097,0.28887996510864261,0.65241796519324813,0.92902719585478366,0.9975273329587202,3.3484033170970213,1.9957913950129154,1.4127248122026155,3,5,6,8
1002,34,989,"{0,2,3,4,6,7,8,9}",0 2 3 4 6 7 8 9,8,yes,0.0063864544911204097,0.28887996510864261,0.65241796519324813,0.92902719585478366,0.9975273329587202,3.3484033170970213,1.9957913950129154,1.4127248122026155,3,5,6,8
1003,35,1005,"{0,2,3,5,6,7,8,9}",0 2 3 5 6 7 8 9,8,yes,0.0063864544911204097,0.28887996510864261,0.65241796519324813,0.92902719585478366,0.9975273329587202,3.3484033170970213,1.9957913950129154,1.4127248122026155,3,5,6,8
1004,36,1013,"{0,2,4,5,6,7,8,9}",0 2 4 5 6 7 8 9,8,yes,0.0063864544911204097,0.28887996510864261,0.65241796519324813,0.92902719585478366,0.9975273329587202,3.3484033170970213,1.9957913950129154,1.4127248122026155,3,5,6,8
1005,37,1017,"{0,3,4,5,6,7,8,9}",0 3 4 5 6 7 8 9,8,yes,0.0063864544911204097,0.28887996510864261,0.65241796519324813,0.92902719585478366,0.9975273329587202,3.3484033170970213,1.9957913950129154,1.4127248122026155,3,5,6,8
1006,38,766,"{1,2,3,4,5,6,7,9}",1 2 3 4 5 6 7 9,8,yes,0.0059059004122673465,0.28627372838531473,0.65141916368553088,0.92897506536598451,0.99752731921183502,3.352798273168982,1.9907513401504104,1.4109398782904998,3,5,6,8
1007,39,894,"{1,2,3,4,5,6,8,9}",1 2 3 4 5 6 8 9,8,yes,0.0059059004122673465,0.28627372838531473,0.65141916368553088,0.92897506536598451,0.99752731921183502,3.352798273168982,1.9907513401504104,1.4109398782904998,3,5,6,8
1008,40,958,"{1,2,3,4,5,7,8,9}",1 2 3 4 5 7 8 9,8,yes,0.0059059004122673465,0.28627372838531473,0.65141916368553088,0.92897506536598451,0.99752731921183502,3.352798273168982,1.9907513401504104,1.4109398782904998,3,5,6,8
1009,41,990,"{1,2,3,4,6,7,8,9}",1 2 3 4 6 7 8 9,8,yes,0.0059059004122673465,0.28627372838531473,0.65141916368553088,0.92897506536598451,0.99752731921183502,3.352798273168982,1.9907513401504104,1.4109398782904998,3,5,6,8
1010,42,1006,"{1,2,3,5,6,7,8,9}",1 2 3 5 6 7 8 9,8,yes,0.0059059004122673465,0.28627372838531473,0.65141916368553088,0.92897506536598451,0.99752731921183502,3.352798273168982,1.9907513401504104,1.4109398782904998,3,5,6,8
1011,43,1014,"{1,2,4,5,6,7,8,9}",1 2 4 5 6 7 8 9,8,yes,0.0059059004122673465,0.28627372838531473,0.65141916368553088,0.92897506536598451,0.99752731921183502,3.352798273168982,1.9907513401504104,1.4109398782904998,3,5,6,8
1012,44,1018,"{1,3,4,5,6,7,8,9}",1 3 4 5 6 7 8 9,8,yes,0.0059059004122673465,0.28627372838531473,0.65141916368553088,0.92897506536598451,0.99752731921183502,3.352798273168982,1.9907513401504104,1.4109398782904998,3,5,6,8
1013,45,1020,"{2,3,4,5,6,7,8,9}",2 3 4 5 6 7 8 9,8,yes,0.0059059004122673465,0.28627372838531473,0.65141916368553088,0.92897506536598451,0.99752731921183502,3.352798273168982,1.9907513401504104,1.4109398782904998,3,5,6,8
1014,2,767,"{0,1,2,3,4,5,6,7,9}",0 1 2 3 4 5 6 7 9,9,yes,0.002006859363392927,0.24871085001926546,0.6282609672411561,0.92589562886679255,0.99751665008386337,3.4309832873806774,1.9575995737841865,1.3991424422781928,3,5,6,8
1015,3,895,"{0,1,2,3,4,5,6,8,9}",0 1 2 3 4 5 6 8 9,9,yes,0.002006859363392927,0.24871085001926546,0.6282609672411561,0.92589562886679255,0.99751665008386337,3.4309832873806774,1.9575995737841865,1.3991424422781928,3,5,6,8
1016,4,959,"{0,1,2,3,4,5,7,8,9}",0 1 2 3 4 5 7 8 9,9,yes,0.002006859363392927,0.24871085001926546,0.6282609672411561,0.92589562886679255,0.99751665008386337,3.4309832873806774,1.9575995737841865,1.3991424422781928,3,5,6,8
1017,5,991,"{0,1,2,3,4,6,7,8,9}",0 1 2 3 4 6 7 8 9,9,yes,0.002006859363392927,0.24871085001926546,0.6282609672411561,0.92589562886679255,0.99751665008386337,3.4309832873806774,1.9575995737841865,1.3991424422781928,3,5,6,8
1018,6,1007,"{0,1,2,3,5,6,7,8,9}",0 1 2 3 5 6 7 8 9,9,yes,0.002006859363392927,0.24871085001926546,0.6282609672411561,0.92589562886679255,0.99751665008386337,3.4309832873806774,1.9575995737841865,1.3991424422781928,3,5,6,8
1019,7,1015,"{0,1,2,4,5,6,7,8,9}",0 1 2 4 5 6 7 8 9,9,yes,0.002006859363392927,0.24871085001926546,0.6282609672411561,0.92589562886679255,0.99751665008386337,3.4309832873806774,1.9575995737841865,1.3991424422781928,3,5,6,8
1020,8,1019,"{0,1,3,4,5,6,7,8,9}",0 1 3 4 5 6 7 8 9,9,yes,0.002006859363392927,0.24871085001926546,0.6282609672411561,0.92589562886679255,0.99751665008386337,3.4309832873806774,1.9575995737841865,1.3991424422781928,3,5,6,8
1021,9,1021,"{0,2,3,4,5,6,7,8,9}",0 2 3 4 5 6 7 8 9,9,yes,0.002006859363392927,0.24871085001926546,0.6282609672411561,0.92589562886679255,0.99751665008386337,3.4309832873806774,1.9575995737841865,1.3991424422781928,3,5,6,8
1022,10,1022,"{1,2,3,4,5,6,7,8,9}",1 2 3 4 5 6 7 8 9,9,yes,0.0018348428465306448,0.24636287455226405,0.62728334929324647,0.92584356222522524,0.9975166363369935,3.4347889687067901,1.9535050877144471,1.3976784636369151,3,5,6,8
1023,1,1023,"{0,1,2,3,4,5,6,7,8,9}",0 1 2 3 4 5 6 7 8 9,10,yes,0.0003822589263593883,0.21255019942254449,0.60465436462596722,0.92276891295844221,0.99750596723359375,3.5061902809609604,1.9248214912651953,1.3873793609770888,3,5,6,8
